dci,nom Commercial,système anatomique,conditionnement
BEVACIZUMAB,Acinax,antineoplasiques et immunomodulateurs,28
BEVACIZUMAB,Acinax,antineoplasiques et immunomodulateurs,6
BEVACIZUMAB,Acinax,antineoplasiques et immunomodulateurs,98
BEVACIZUMAB,Acinax,antineoplasiques et immunomodulateurs,56
BEVACIZUMAB,Adolor,antineoplasiques et immunomodulateurs,12
BEVACIZUMAB,Advabron,antineoplasiques et immunomodulateurs,56
BEVACIZUMAB,Advabron,antineoplasiques et immunomodulateurs,28
BEVACIZUMAB,Advabron,antineoplasiques et immunomodulateurs,98
BEVACIZUMAB,Advabron,antineoplasiques et immunomodulateurs,6
CETUXIMAB,Agloprin,antineoplasiques et immunomodulateurs,56
CETUXIMAB,Agloprin,antineoplasiques et immunomodulateurs,12
CETUXIMAB,Agloprin,antineoplasiques et immunomodulateurs,6
CETUXIMAB,Alitovir,antineoplasiques et immunomodulateurs,12
CETUXIMAB,Alitovir,antineoplasiques et immunomodulateurs,98
CETUXIMAB,Alitovir,antineoplasiques et immunomodulateurs,56
CETUXIMAB,Alitovir,antineoplasiques et immunomodulateurs,6
CETUXIMAB,Alvogest,antineoplasiques et immunomodulateurs,98
CETUXIMAB,Alvogest,antineoplasiques et immunomodulateurs,28
CETUXIMAB,Alvogest,antineoplasiques et immunomodulateurs,56
CETUXIMAB,Alvogest,antineoplasiques et immunomodulateurs,12
PANITUMUMAB,Amproquel,antineoplasiques et immunomodulateurs,12
PANITUMUMAB,Amproquel,antineoplasiques et immunomodulateurs,98
PANITUMUMAB,Amproquel,antineoplasiques et immunomodulateurs,56
PANITUMUMAB,Amproquel,antineoplasiques et immunomodulateurs,6
PANITUMUMAB,Anapron,antineoplasiques et immunomodulateurs,56
PANITUMUMAB,Anapron,antineoplasiques et immunomodulateurs,12
PANITUMUMAB,Anapron,antineoplasiques et immunomodulateurs,28
PANITUMUMAB,Anfarin,antineoplasiques et immunomodulateurs,12
PANITUMUMAB,Anfarin,antineoplasiques et immunomodulateurs,98
PANITUMUMAB,Anfarin,antineoplasiques et immunomodulateurs,6
PANITUMUMAB,Anfarin,antineoplasiques et immunomodulateurs,56
RITUXIMAB,Anxirox,antineoplasiques et immunomodulateurs,6
RITUXIMAB,Anxirox,antineoplasiques et immunomodulateurs,98
RITUXIMAB,Anxirox,antineoplasiques et immunomodulateurs,12
RITUXIMAB,Anxirox,antineoplasiques et immunomodulateurs,28
RITUXIMAB,Apetisol,antineoplasiques et immunomodulateurs,28
RITUXIMAB,Apetisol,antineoplasiques et immunomodulateurs,56
RITUXIMAB,Apetisol,antineoplasiques et immunomodulateurs,12
RITUXIMAB,Artridol,antineoplasiques et immunomodulateurs,28
RITUXIMAB,Artridol,antineoplasiques et immunomodulateurs,98
TRASTUZUMAB,Artroflex,antineoplasiques et immunomodulateurs,6
TRASTUZUMAB,Asmavent,antineoplasiques et immunomodulateurs,56
TRASTUZUMAB,Asmavent,antineoplasiques et immunomodulateurs,12
TRASTUZUMAB,Asmavent,antineoplasiques et immunomodulateurs,6
TRASTUZUMAB,Ativestin,antineoplasiques et immunomodulateurs,6
TRASTUZUMAB,Ativestin,antineoplasiques et immunomodulateurs,12
CARBOPLATINE,Atorfix,antineoplasiques et immunomodulateurs,98
CARBOPLATINE,Atorfix,antineoplasiques et immunomodulateurs,6
CARBOPLATINE,Atorfix,antineoplasiques et immunomodulateurs,28
CARBOPLATINE,Atorfix,antineoplasiques et immunomodulateurs,56
CARBOPLATINE,Atrivix,antineoplasiques et immunomodulateurs,12
CARBOPLATINE,Atrivix,antineoplasiques et immunomodulateurs,98
CARBOPLATINE,Atrivix,antineoplasiques et immunomodulateurs,56
CARBOPLATINE,Avicant,antineoplasiques et immunomodulateurs,28
CARBOPLATINE,Avicant,antineoplasiques et immunomodulateurs,6
CARBOPLATINE,Avicant,antineoplasiques et immunomodulateurs,12
CARBOPLATINE,Avicant,antineoplasiques et immunomodulateurs,98
CISPLATINE,Azultrix,antineoplasiques et immunomodulateurs,28
CISPLATINE,Azultrix,antineoplasiques et immunomodulateurs,98
CISPLATINE,Azultrix,antineoplasiques et immunomodulateurs,56
CISPLATINE,Bactamol,antineoplasiques et immunomodulateurs,28
CISPLATINE,Bactamol,antineoplasiques et immunomodulateurs,6
CISPLATINE,Balsodil,antineoplasiques et immunomodulateurs,28
OXALIPLATINE,Belogest,antineoplasiques et immunomodulateurs,12
OXALIPLATINE,Benalax,antineoplasiques et immunomodulateurs,98
OXALIPLATINE,Benalax,antineoplasiques et immunomodulateurs,28
OXALIPLATINE,Benalax,antineoplasiques et immunomodulateurs,56
OXALIPLATINE,Benotrex,antineoplasiques et immunomodulateurs,12
OXALIPLATINE,Benotrex,antineoplasiques et immunomodulateurs,56
OXALIPLATINE,Benotrex,antineoplasiques et immunomodulateurs,28
OXALIPLATINE,Benotrex,antineoplasiques et immunomodulateurs,98
CHLORAMBUCIL,Bepanox,antineoplasiques et immunomodulateurs,12
CHLORAMBUCIL,Betapil,antineoplasiques et immunomodulateurs,98
CHLORAMBUCIL,Betatix,antineoplasiques et immunomodulateurs,6
CHLORAMBUCIL,Betatix,antineoplasiques et immunomodulateurs,56
CHLORAMBUCIL,Betatix,antineoplasiques et immunomodulateurs,12
CHLORAMBUCIL,Betatix,antineoplasiques et immunomodulateurs,28
MELPHALAN,Bionol,antineoplasiques et immunomodulateurs,56
MELPHALAN,Bremoxil,antineoplasiques et immunomodulateurs,98
MELPHALAN,Bremoxil,antineoplasiques et immunomodulateurs,28
MELPHALAN,Broncorex,antineoplasiques et immunomodulateurs,12
MELPHALAN,Broncorex,antineoplasiques et immunomodulateurs,98
CYCLOPHOSPHAMIDE,Broncovix,antineoplasiques et immunomodulateurs,6
CYCLOPHOSPHAMIDE,Broncovix,antineoplasiques et immunomodulateurs,56
CYCLOPHOSPHAMIDE,Buccolam,antineoplasiques et immunomodulateurs,98
CYCLOPHOSPHAMIDE,Buprivan,antineoplasiques et immunomodulateurs,98
CYCLOPHOSPHAMIDE,Buprivan,antineoplasiques et immunomodulateurs,28
CYCLOPHOSPHAMIDE,Buprivan,antineoplasiques et immunomodulateurs,56
CARMUSTINE,Calmitol,antineoplasiques et immunomodulateurs,56
CARMUSTINE,Calmitol,antineoplasiques et immunomodulateurs,12
CARMUSTINE,Calmitol,antineoplasiques et immunomodulateurs,28
CARMUSTINE,Calmitol,antineoplasiques et immunomodulateurs,6
CARMUSTINE,Cancorix,antineoplasiques et immunomodulateurs,28
CARMUSTINE,Cancorix,antineoplasiques et immunomodulateurs,6
CARMUSTINE,Cancorix,antineoplasiques et immunomodulateurs,12
CARMUSTINE,Cancorix,antineoplasiques et immunomodulateurs,98
CARMUSTINE,Canditrol,antineoplasiques et immunomodulateurs,6
CARMUSTINE,Canditrol,antineoplasiques et immunomodulateurs,56
CARMUSTINE,Canditrol,antineoplasiques et immunomodulateurs,98
CARMUSTINE,Canditrol,antineoplasiques et immunomodulateurs,28
FOTEMUSTINE,Caphetin,antineoplasiques et immunomodulateurs,6
FOTEMUSTINE,Carvaxa,antineoplasiques et immunomodulateurs,28
FOTEMUSTINE,Cefidex,antineoplasiques et immunomodulateurs,98
FOTEMUSTINE,Cefidex,antineoplasiques et immunomodulateurs,28
FOTEMUSTINE,Cefidex,antineoplasiques et immunomodulateurs,6
FOTEMUSTINE,Cefidex,antineoplasiques et immunomodulateurs,12
BENDAMUSTINE,Celamox,antineoplasiques et immunomodulateurs,98
BENDAMUSTINE,Cetavix,antineoplasiques et immunomodulateurs,56
BENDAMUSTINE,Cetavix,antineoplasiques et immunomodulateurs,98
BENDAMUSTINE,Cetavix,antineoplasiques et immunomodulateurs,12
BENDAMUSTINE,Cetigen,antineoplasiques et immunomodulateurs,6
BENDAMUSTINE,Cetigen,antineoplasiques et immunomodulateurs,28
BENDAMUSTINE,Cetigen,antineoplasiques et immunomodulateurs,98
BUSULFAN,Chlorestol,antineoplasiques et immunomodulateurs,28
BUSULFAN,Chlorestol,antineoplasiques et immunomodulateurs,98
BUSULFAN,Chlorestol,antineoplasiques et immunomodulateurs,12
BUSULFAN,Chlorestol,antineoplasiques et immunomodulateurs,6
BUSULFAN,Cimivir,antineoplasiques et immunomodulateurs,28
BUSULFAN,Cimivir,antineoplasiques et immunomodulateurs,12
BUSULFAN,Ciprolex,antineoplasiques et immunomodulateurs,56
BUSULFAN,Ciprolex,antineoplasiques et immunomodulateurs,28
DACARBAZINE,Cisalax,antineoplasiques et immunomodulateurs,12
DACARBAZINE,Cisalax,antineoplasiques et immunomodulateurs,56
DACARBAZINE,Cisalax,antineoplasiques et immunomodulateurs,98
DACARBAZINE,Cisapril,antineoplasiques et immunomodulateurs,28
DACARBAZINE,Cisapril,antineoplasiques et immunomodulateurs,12
DACARBAZINE,Cisapril,antineoplasiques et immunomodulateurs,56
DACARBAZINE,Cisapril,antineoplasiques et immunomodulateurs,6
DACARBAZINE,Clavonex,antineoplasiques et immunomodulateurs,6
DACARBAZINE,Clavonex,antineoplasiques et immunomodulateurs,98
DACARBAZINE,Clavonex,antineoplasiques et immunomodulateurs,56
IFOSFAMIDE,Clemastin,antineoplasiques et immunomodulateurs,56
IFOSFAMIDE,Clemastin,antineoplasiques et immunomodulateurs,6
IFOSFAMIDE,Clemastin,antineoplasiques et immunomodulateurs,98
IFOSFAMIDE,Clexil,antineoplasiques et immunomodulateurs,28
IFOSFAMIDE,Clexil,antineoplasiques et immunomodulateurs,12
IFOSFAMIDE,Clexil,antineoplasiques et immunomodulateurs,6
IFOSFAMIDE,Clobenzol,antineoplasiques et immunomodulateurs,28
IFOSFAMIDE,Clobenzol,antineoplasiques et immunomodulateurs,6
IFOSFAMIDE,Clobenzol,antineoplasiques et immunomodulateurs,98
IFOSFAMIDE,Clobenzol,antineoplasiques et immunomodulateurs,12
ESTRAMUSTINE,Clonogest,antineoplasiques et immunomodulateurs,28
ESTRAMUSTINE,Clopidix,antineoplasiques et immunomodulateurs,98
ESTRAMUSTINE,Clopidix,antineoplasiques et immunomodulateurs,28
ESTRAMUSTINE,Coldeze,antineoplasiques et immunomodulateurs,12
ESTRAMUSTINE,Coldeze,antineoplasiques et immunomodulateurs,6
ESTRAMUSTINE,Coldeze,antineoplasiques et immunomodulateurs,98
PROCARBAZINE,Coloflex,antineoplasiques et immunomodulateurs,12
PROCARBAZINE,Coloflex,antineoplasiques et immunomodulateurs,28
PROCARBAZINE,Coloflex,antineoplasiques et immunomodulateurs,56
PROCARBAZINE,Conazol,antineoplasiques et immunomodulateurs,12
PROCARBAZINE,Conazol,antineoplasiques et immunomodulateurs,56
PROCARBAZINE,Conazol,antineoplasiques et immunomodulateurs,28
PROCARBAZINE,Corgardil,antineoplasiques et immunomodulateurs,6
THIOTEPA,Corvastin,antineoplasiques et immunomodulateurs,56
THIOTEPA,Corvastin,antineoplasiques et immunomodulateurs,28
THIOTEPA,Cosidil,antineoplasiques et immunomodulateurs,56
THIOTEPA,Cosidil,antineoplasiques et immunomodulateurs,98
THIOTEPA,Cosidil,antineoplasiques et immunomodulateurs,28
THIOTEPA,Cotrimox,antineoplasiques et immunomodulateurs,12
THIOTEPA,Cotrimox,antineoplasiques et immunomodulateurs,98
TEMOZOLOMIDE,Cotrisol,antineoplasiques et immunomodulateurs,12
TEMOZOLOMIDE,Cotrisol,antineoplasiques et immunomodulateurs,56
TEMOZOLOMIDE,Cotrisol,antineoplasiques et immunomodulateurs,98
TEMOZOLOMIDE,Cotrisol,antineoplasiques et immunomodulateurs,6
TEMOZOLOMIDE,Couvix,antineoplasiques et immunomodulateurs,56
TEMOZOLOMIDE,Covexil,antineoplasiques et immunomodulateurs,56
TEMOZOLOMIDE,Covexil,antineoplasiques et immunomodulateurs,12
TEMOZOLOMIDE,Covexil,antineoplasiques et immunomodulateurs,6
TEMOZOLOMIDE,Covexil,antineoplasiques et immunomodulateurs,98
METHOTREXATE,Covigil,antineoplasiques et immunomodulateurs,6
METHOTREXATE,Covigil,antineoplasiques et immunomodulateurs,98
METHOTREXATE,Covigil,antineoplasiques et immunomodulateurs,56
METHOTREXATE,Covistat,antineoplasiques et immunomodulateurs,56
METHOTREXATE,Covistat,antineoplasiques et immunomodulateurs,6
METHOTREXATE,Covistat,antineoplasiques et immunomodulateurs,98
METHOTREXATE,Crixilan,antineoplasiques et immunomodulateurs,12
CLADRIBINE,Cromavex,antineoplasiques et immunomodulateurs,56
CLADRIBINE,Cromavex,antineoplasiques et immunomodulateurs,12
CLADRIBINE,Cromavex,antineoplasiques et immunomodulateurs,6
CLADRIBINE,Cromavex,antineoplasiques et immunomodulateurs,98
CLADRIBINE,Cyclobex,antineoplasiques et immunomodulateurs,6
CLADRIBINE,Cyclobex,antineoplasiques et immunomodulateurs,12
CLADRIBINE,Cyclodol,antineoplasiques et immunomodulateurs,98
MERCAPTOPURINE,Cyclogest,antineoplasiques et immunomodulateurs,6
MERCAPTOPURINE,Cymirex,antineoplasiques et immunomodulateurs,12
MERCAPTOPURINE,Cymivir,antineoplasiques et immunomodulateurs,98
MERCAPTOPURINE,Cymivir,antineoplasiques et immunomodulateurs,12
NELARABINE,Cynaprox,antineoplasiques et immunomodulateurs,12
NELARABINE,Cynaprox,antineoplasiques et immunomodulateurs,6
NELARABINE,Cynovex,antineoplasiques et immunomodulateurs,28
NELARABINE,Cynovex,antineoplasiques et immunomodulateurs,6
NELARABINE,Cynovex,antineoplasiques et immunomodulateurs,98
NELARABINE,Cytorex,antineoplasiques et immunomodulateurs,12
TIOGUANINE,Dactazol,antineoplasiques et immunomodulateurs,56
TIOGUANINE,Dactazol,antineoplasiques et immunomodulateurs,6
TIOGUANINE,Dactazol,antineoplasiques et immunomodulateurs,28
TIOGUANINE,Dactylol,antineoplasiques et immunomodulateurs,12
TIOGUANINE,Dactylol,antineoplasiques et immunomodulateurs,28
TIOGUANINE,Dactylol,antineoplasiques et immunomodulateurs,56
TIOGUANINE,Dactylol,antineoplasiques et immunomodulateurs,98
TIOGUANINE,Dalavex,antineoplasiques et immunomodulateurs,98
TIOGUANINE,Dalavex,antineoplasiques et immunomodulateurs,56
TIOGUANINE,Dalavex,antineoplasiques et immunomodulateurs,12
AZACITIDINE,Dalazin,antineoplasiques et immunomodulateurs,56
AZACITIDINE,Dalazin,antineoplasiques et immunomodulateurs,98
AZACITIDINE,Dalazin,antineoplasiques et immunomodulateurs,12
AZACITIDINE,Dalazin,antineoplasiques et immunomodulateurs,6
AZACITIDINE,Danovir,antineoplasiques et immunomodulateurs,12
AZACITIDINE,Danovir,antineoplasiques et immunomodulateurs,6
AZACITIDINE,Danovir,antineoplasiques et immunomodulateurs,56
AZACITIDINE,Danovir,antineoplasiques et immunomodulateurs,98
AZACITIDINE,Dapagin,antineoplasiques et immunomodulateurs,12
CAPECITABINE,Darapin,antineoplasiques et immunomodulateurs,6
CAPECITABINE,Darapin,antineoplasiques et immunomodulateurs,56
CAPECITABINE,Daxagil,antineoplasiques et immunomodulateurs,28
CAPECITABINE,Dazitol,antineoplasiques et immunomodulateurs,12
CAPECITABINE,Dazitol,antineoplasiques et immunomodulateurs,98
CYTARABINE,Decalix,antineoplasiques et immunomodulateurs,12
CYTARABINE,Decalix,antineoplasiques et immunomodulateurs,98
CYTARABINE,Decapin,antineoplasiques et immunomodulateurs,6
CYTARABINE,Decapin,antineoplasiques et immunomodulateurs,12
CYTARABINE,Decavit,antineoplasiques et immunomodulateurs,28
GEMCITABINE,Deflamex,antineoplasiques et immunomodulateurs,12
GEMCITABINE,Deflamex,antineoplasiques et immunomodulateurs,6
GEMCITABINE,Deflamex,antineoplasiques et immunomodulateurs,56
GEMCITABINE,Delavex,antineoplasiques et immunomodulateurs,6
GEMCITABINE,Delavex,antineoplasiques et immunomodulateurs,98
GEMCITABINE,Deltapil,antineoplasiques et immunomodulateurs,98
GEMCITABINE,Deltapil,antineoplasiques et immunomodulateurs,12
GEMCITABINE,Deltapil,antineoplasiques et immunomodulateurs,28
GEMCITABINE,Deltapil,antineoplasiques et immunomodulateurs,56
DOCETAXEL,Demadex,antineoplasiques et immunomodulateurs,28
DOCETAXEL,Demadex,antineoplasiques et immunomodulateurs,98
DOCETAXEL,Demogest,antineoplasiques et immunomodulateurs,12
DOCETAXEL,Denapril,antineoplasiques et immunomodulateurs,6
DOCETAXEL,Denapril,antineoplasiques et immunomodulateurs,12
PACLITAXEL,Depalix,antineoplasiques et immunomodulateurs,28
PACLITAXEL,Dermaflex,antineoplasiques et immunomodulateurs,6
PACLITAXEL,Dermaflex,antineoplasiques et immunomodulateurs,12
PACLITAXEL,Dermaxol,antineoplasiques et immunomodulateurs,56
PACLITAXEL,Dermaxol,antineoplasiques et immunomodulateurs,6
BORTEZOMIB,Dexalax,antineoplasiques et immunomodulateurs,6
BORTEZOMIB,Dexalax,antineoplasiques et immunomodulateurs,56
BORTEZOMIB,Dexalax,antineoplasiques et immunomodulateurs,98
BORTEZOMIB,Dexalax,antineoplasiques et immunomodulateurs,12
BORTEZOMIB,Dexamin,antineoplasiques et immunomodulateurs,98
BORTEZOMIB,Dexamin,antineoplasiques et immunomodulateurs,12
BORTEZOMIB,Dexamin,antineoplasiques et immunomodulateurs,6
BORTEZOMIB,Dexolax,antineoplasiques et immunomodulateurs,28
IRINOTECAN,Dextrix,antineoplasiques et immunomodulateurs,98
IRINOTECAN,Dextrix,antineoplasiques et immunomodulateurs,28
IRINOTECAN,Dextrix,antineoplasiques et immunomodulateurs,6
IRINOTECAN,Diabexin,antineoplasiques et immunomodulateurs,56
IRINOTECAN,Diabexin,antineoplasiques et immunomodulateurs,98
IRINOTECAN,Diabexin,antineoplasiques et immunomodulateurs,12
IRINOTECAN,Diabexin,antineoplasiques et immunomodulateurs,28
IRINOTECAN,Diaglican,antineoplasiques et immunomodulateurs,98
DAUNORUBICINE,Dianol,antineoplasiques et immunomodulateurs,28
DAUNORUBICINE,Diapinol,antineoplasiques et immunomodulateurs,98
DAUNORUBICINE,Diapinol,antineoplasiques et immunomodulateurs,56
DAUNORUBICINE,Dibatrol,antineoplasiques et immunomodulateurs,56
DAUNORUBICINE,Dibatrol,antineoplasiques et immunomodulateurs,12
DAUNORUBICINE,Dibatrol,antineoplasiques et immunomodulateurs,98
DOXORUBICINE,Diclafen,antineoplasiques et immunomodulateurs,98
DOXORUBICINE,Dicloflux,antineoplasiques et immunomodulateurs,12
DOXORUBICINE,Dicloflux,antineoplasiques et immunomodulateurs,6
DOXORUBICINE,Dicloflux,antineoplasiques et immunomodulateurs,98
DOXORUBICINE,Diclogel,antineoplasiques et immunomodulateurs,98
DOXORUBICINE,Diclogel,antineoplasiques et immunomodulateurs,12
EPIRUBICINE,Dicloran,antineoplasiques et immunomodulateurs,28
EPIRUBICINE,Dicloran,antineoplasiques et immunomodulateurs,12
EPIRUBICINE,Diconex,antineoplasiques et immunomodulateurs,6
EPIRUBICINE,Diconex,antineoplasiques et immunomodulateurs,12
EPIRUBICINE,Didroton,antineoplasiques et immunomodulateurs,12
EPIRUBICINE,Didroton,antineoplasiques et immunomodulateurs,28
MITOXANTRONE,Difluxan,antineoplasiques et immunomodulateurs,6
MITOXANTRONE,Digocin,antineoplasiques et immunomodulateurs,56
MITOXANTRONE,Dilaxin,antineoplasiques et immunomodulateurs,56
MITOXANTRONE,Dilaxin,antineoplasiques et immunomodulateurs,12
MITOXANTRONE,Dilaxin,antineoplasiques et immunomodulateurs,6
MITOXANTRONE,Dilaxin,antineoplasiques et immunomodulateurs,98
IDARUBICINE,Dimirex,antineoplasiques et immunomodulateurs,56
IDARUBICINE,Dimirex,antineoplasiques et immunomodulateurs,6
IDARUBICINE,Diparox,antineoplasiques et immunomodulateurs,6
IDARUBICINE,Diparox,antineoplasiques et immunomodulateurs,98
IDARUBICINE,Diphenex,antineoplasiques et immunomodulateurs,28
IDARUBICINE,Diphenex,antineoplasiques et immunomodulateurs,98
IDARUBICINE,Diphenex,antineoplasiques et immunomodulateurs,56
ETOPOSIDE,Diphenol,antineoplasiques et immunomodulateurs,98
ETOPOSIDE,Diphenol,antineoplasiques et immunomodulateurs,56
ETOPOSIDE,Diphenol,antineoplasiques et immunomodulateurs,28
ETOPOSIDE,Dipilox,antineoplasiques et immunomodulateurs,28
ETOPOSIDE,Dipilox,antineoplasiques et immunomodulateurs,12
ETOPOSIDE,Dipilox,antineoplasiques et immunomodulateurs,98
ETOPOSIDE,Dipilox,antineoplasiques et immunomodulateurs,56
ETOPOSIDE,Diprazin,antineoplasiques et immunomodulateurs,98
ETOPOSIDE,Diprazin,antineoplasiques et immunomodulateurs,6
BLEOMYCINE,Dipridamol,antineoplasiques et immunomodulateurs,56
BLEOMYCINE,Dipridamol,antineoplasiques et immunomodulateurs,98
BLEOMYCINE,Dipridamol,antineoplasiques et immunomodulateurs,12
BLEOMYCINE,Dipridamol,antineoplasiques et immunomodulateurs,6
BLEOMYCINE,Ditavix,antineoplasiques et immunomodulateurs,6
BLEOMYCINE,Ditavix,antineoplasiques et immunomodulateurs,56
BLEOMYCINE,Divalpro,antineoplasiques et immunomodulateurs,56
MITOTANE,Dobanex,antineoplasiques et immunomodulateurs,56
MITOTANE,Dobanex,antineoplasiques et immunomodulateurs,12
MITOTANE,Dobanex,antineoplasiques et immunomodulateurs,28
MITOTANE,Dolapin,antineoplasiques et immunomodulateurs,98
MITOTANE,Dolapin,antineoplasiques et immunomodulateurs,28
MITOTANE,Domiperidone,antineoplasiques et immunomodulateurs,28
MITOTANE,Domiperidone,antineoplasiques et immunomodulateurs,6
MITOTANE,Domiperidone,antineoplasiques et immunomodulateurs,12
MITOTANE,Domiperidone,antineoplasiques et immunomodulateurs,98
ANAGRELIDE,Dopacan,antineoplasiques et immunomodulateurs,6
ANAGRELIDE,Dopacan,antineoplasiques et immunomodulateurs,12
ANAGRELIDE,Dopacan,antineoplasiques et immunomodulateurs,56
ANAGRELIDE,Dopacan,antineoplasiques et immunomodulateurs,28
ANAGRELIDE,Doxepinol,antineoplasiques et immunomodulateurs,6
ANAGRELIDE,Doxepinol,antineoplasiques et immunomodulateurs,56
ANAGRELIDE,Doxepinol,antineoplasiques et immunomodulateurs,98
ANAGRELIDE,Doxilina,antineoplasiques et immunomodulateurs,12
DEGARELIX ,Doxirix,antineoplasiques et immunomodulateurs,56
DEGARELIX ,Droxirol,antineoplasiques et immunomodulateurs,6
DEGARELIX ,Duloxin,antineoplasiques et immunomodulateurs,56
DEGARELIX ,Duloxin,antineoplasiques et immunomodulateurs,6
DEGARELIX ,Duloxin,antineoplasiques et immunomodulateurs,28
DEGARELIX ,Duloxin,antineoplasiques et immunomodulateurs,12
BICALUTAMIDE,Durapin,antineoplasiques et immunomodulateurs,12
BICALUTAMIDE,Dyazide,antineoplasiques et immunomodulateurs,6
BICALUTAMIDE,Dyazide,antineoplasiques et immunomodulateurs,12
BICALUTAMIDE,Dyketon,antineoplasiques et immunomodulateurs,12
CYPROTERONE,Ebastin,systeme genito urinaire et hormones sexuelles,12
CYPROTERONE,Ebastin,systeme genito urinaire et hormones sexuelles,56
CYPROTERONE,Ecotrin,systeme genito urinaire et hormones sexuelles,28
CYPROTERONE,Ecotrin,systeme genito urinaire et hormones sexuelles,6
CYPROTERONE,Ecotrin,systeme genito urinaire et hormones sexuelles,56
CYPROTERONE,Ecotrin,systeme genito urinaire et hormones sexuelles,98
CYPROTERONE,Efarenz,systeme genito urinaire et hormones sexuelles,28
CYPROTERONE,Efarenz,systeme genito urinaire et hormones sexuelles,12
FLUTAMIDE,Eflagen,antineoplasiques et immunomodulateurs,28
FLUTAMIDE,Eflagen,antineoplasiques et immunomodulateurs,12
FLUTAMIDE,Eflagen,antineoplasiques et immunomodulateurs,6
FLUTAMIDE,Eglumet,antineoplasiques et immunomodulateurs,12
FLUTAMIDE,Elexalde,antineoplasiques et immunomodulateurs,56
FLUTAMIDE,Elexalde,antineoplasiques et immunomodulateurs,28
FULVESTRANT ,Elmendos,antineoplasiques et immunomodulateurs,6
FULVESTRANT ,Elmendos,antineoplasiques et immunomodulateurs,12
FULVESTRANT ,Elpenem,antineoplasiques et immunomodulateurs,6
FULVESTRANT ,Emezin,antineoplasiques et immunomodulateurs,56
FULVESTRANT ,Emezin,antineoplasiques et immunomodulateurs,6
FULVESTRANT ,Emezin,antineoplasiques et immunomodulateurs,12
FULVESTRANT ,Emezin,antineoplasiques et immunomodulateurs,98
TAMOXIFENE,Emiflex,antineoplasiques et immunomodulateurs,28
TAMOXIFENE,Emiflex,antineoplasiques et immunomodulateurs,6
TAMOXIFENE,Emiflex,antineoplasiques et immunomodulateurs,56
TAMOXIFENE,Emotil,antineoplasiques et immunomodulateurs,98
TAMOXIFENE,Emotil,antineoplasiques et immunomodulateurs,6
TAMOXIFENE,Emotil,antineoplasiques et immunomodulateurs,12
TAMOXIFENE,Enduracin,antineoplasiques et immunomodulateurs,98
TAMOXIFENE,Enduracin,antineoplasiques et immunomodulateurs,12
TAMOXIFENE,Enduracin,antineoplasiques et immunomodulateurs,28
TOREMIFENE,Enexin,antineoplasiques et immunomodulateurs,98
TOREMIFENE,Enurace,antineoplasiques et immunomodulateurs,28
TOREMIFENE,Enurace,antineoplasiques et immunomodulateurs,56
TOREMIFENE,Epalrestat,antineoplasiques et immunomodulateurs,6
TOREMIFENE,Epalrestat,antineoplasiques et immunomodulateurs,28
ANASTROZOLE,Epihisto,antineoplasiques et immunomodulateurs,12
ANASTROZOLE,Epihisto,antineoplasiques et immunomodulateurs,28
ANASTROZOLE,Epihisto,antineoplasiques et immunomodulateurs,56
ANASTROZOLE,Epirex,antineoplasiques et immunomodulateurs,56
ANASTROZOLE,Epirex,antineoplasiques et immunomodulateurs,12
ANASTROZOLE,Epivix,antineoplasiques et immunomodulateurs,28
ANASTROZOLE,Epivix,antineoplasiques et immunomodulateurs,12
EXEMESTANE,Epranol,antineoplasiques et immunomodulateurs,28
EXEMESTANE,Epranol,antineoplasiques et immunomodulateurs,98
EXEMESTANE,Epranol,antineoplasiques et immunomodulateurs,56
EXEMESTANE,Epranol,antineoplasiques et immunomodulateurs,6
EXEMESTANE,Equibax,antineoplasiques et immunomodulateurs,6
EXEMESTANE,Equibax,antineoplasiques et immunomodulateurs,56
EXEMESTANE,Equibax,antineoplasiques et immunomodulateurs,98
EXEMESTANE,Equisol,antineoplasiques et immunomodulateurs,56
LETROZOLE ,Erdomed,antineoplasiques et immunomodulateurs,98
LETROZOLE ,Erdomed,antineoplasiques et immunomodulateurs,6
LETROZOLE ,Erdomed,antineoplasiques et immunomodulateurs,12
LETROZOLE ,Erdomed,antineoplasiques et immunomodulateurs,56
LETROZOLE ,Ergocal,antineoplasiques et immunomodulateurs,56
LETROZOLE ,Ergocal,antineoplasiques et immunomodulateurs,12
LETROZOLE ,Ermycin,antineoplasiques et immunomodulateurs,56
LETROZOLE ,Ermycin,antineoplasiques et immunomodulateurs,98
LETROZOLE ,Ermycin,antineoplasiques et immunomodulateurs,12
LETROZOLE ,Ermycin,antineoplasiques et immunomodulateurs,6
BUSERELINE,Estrafem,antineoplasiques et immunomodulateurs,12
BUSERELINE,Estrafem,antineoplasiques et immunomodulateurs,28
BUSERELINE,Estrafem,antineoplasiques et immunomodulateurs,6
BUSERELINE,Estrana,antineoplasiques et immunomodulateurs,28
BUSERELINE,Estrana,antineoplasiques et immunomodulateurs,98
BUSERELINE,Etricel,antineoplasiques et immunomodulateurs,12
BUSERELINE,Etricel,antineoplasiques et immunomodulateurs,28
GOSERELINE,Eupantol,antineoplasiques et immunomodulateurs,12
GOSERELINE,Eupantol,antineoplasiques et immunomodulateurs,56
GOSERELINE,Eupantol,antineoplasiques et immunomodulateurs,6
GOSERELINE,Euviril,antineoplasiques et immunomodulateurs,28
GOSERELINE,Euviril,antineoplasiques et immunomodulateurs,98
GOSERELINE,Exebor,antineoplasiques et immunomodulateurs,6
GOSERELINE,Exebor,antineoplasiques et immunomodulateurs,12
GOSERELINE,Exebor,antineoplasiques et immunomodulateurs,28
LEUPRORELINE,Exelon,antineoplasiques et immunomodulateurs,56
LEUPRORELINE,Exelon,antineoplasiques et immunomodulateurs,12
LEUPRORELINE,Fagixan,antineoplasiques et immunomodulateurs,28
LEUPRORELINE,Fagixan,antineoplasiques et immunomodulateurs,12
LEUPRORELINE,Famopril,antineoplasiques et immunomodulateurs,6
LEUPRORELINE,Famopril,antineoplasiques et immunomodulateurs,56
LEUPRORELINE,Famopril,antineoplasiques et immunomodulateurs,98
TRIPTORELINE,Famvir,antineoplasiques et immunomodulateurs,6
TRIPTORELINE,Famvir,antineoplasiques et immunomodulateurs,28
TRIPTORELINE,Favodin,antineoplasiques et immunomodulateurs,56
TRIPTORELINE,Favodin,antineoplasiques et immunomodulateurs,98
TRIPTORELINE,Favodin,antineoplasiques et immunomodulateurs,12
TRIPTORELINE,Favodin,antineoplasiques et immunomodulateurs,6
TRIPTORELINE,Felitrex,antineoplasiques et immunomodulateurs,12
TRIPTORELINE,Felitrex,antineoplasiques et immunomodulateurs,28
TRIPTORELINE,Felitrex,antineoplasiques et immunomodulateurs,98
MEDROXYPROGESTERONE,Femamox,antineoplasiques et immunomodulateurs,98
MEDROXYPROGESTERONE,Femamox,antineoplasiques et immunomodulateurs,6
MEDROXYPROGESTERONE,Femamox,antineoplasiques et immunomodulateurs,56
MEDROXYPROGESTERONE,Femamox,antineoplasiques et immunomodulateurs,28
MEDROXYPROGESTERONE,Femidone,antineoplasiques et immunomodulateurs,6
MEDROXYPROGESTERONE,Femixol,antineoplasiques et immunomodulateurs,28
MEDROXYPROGESTERONE,Femixol,antineoplasiques et immunomodulateurs,98
MEDROXYPROGESTERONE,Femixol,antineoplasiques et immunomodulateurs,56
MEDROXYPROGESTERONE,Femixol,antineoplasiques et immunomodulateurs,6
MEGESTROL,Fenacem,antineoplasiques et immunomodulateurs,28
MEGESTROL,Fenacem,antineoplasiques et immunomodulateurs,98
MEGESTROL,Fenacem,antineoplasiques et immunomodulateurs,56
MEGESTROL,Fenacem,antineoplasiques et immunomodulateurs,12
MEGESTROL,Fenapil,antineoplasiques et immunomodulateurs,6
MEGESTROL,Fendex,antineoplasiques et immunomodulateurs,98
MEGESTROL,Fendex,antineoplasiques et immunomodulateurs,56
MEGESTROL,Fendex,antineoplasiques et immunomodulateurs,28
TRETINOINE,Fengab,antineoplasiques et immunomodulateurs,98
TRETINOINE,Fengab,antineoplasiques et immunomodulateurs,12
TRETINOINE,Fenogal,antineoplasiques et immunomodulateurs,56
TRETINOINE,Fenogal,antineoplasiques et immunomodulateurs,6
TRETINOINE,Fenolip,antineoplasiques et immunomodulateurs,98
TRETINOINE,Fenolip,antineoplasiques et immunomodulateurs,56
TRETINOINE,Fenolip,antineoplasiques et immunomodulateurs,12
TRETINOINE,Fenolip,antineoplasiques et immunomodulateurs,28
LENALIDOMIDE,Fenomax,antineoplasiques et immunomodulateurs,98
LENALIDOMIDE,Fenomax,antineoplasiques et immunomodulateurs,6
LENALIDOMIDE,Fenomax,antineoplasiques et immunomodulateurs,28
LENALIDOMIDE,Fenotral,antineoplasiques et immunomodulateurs,56
LENALIDOMIDE,Fenotral,antineoplasiques et immunomodulateurs,28
LENALIDOMIDE,Fenoxin,antineoplasiques et immunomodulateurs,6
LENALIDOMIDE,Fenoxin,antineoplasiques et immunomodulateurs,12
LENALIDOMIDE,Fenoxin,antineoplasiques et immunomodulateurs,28
LENALIDOMIDE,Fenoxin,antineoplasiques et immunomodulateurs,56
THALIDOMIDE,Fentadone,antineoplasiques et immunomodulateurs,6
THALIDOMIDE,Fentadone,antineoplasiques et immunomodulateurs,28
THALIDOMIDE,Fentadone,antineoplasiques et immunomodulateurs,56
THALIDOMIDE,Fentadone,antineoplasiques et immunomodulateurs,98
THALIDOMIDE,Fentadrol,antineoplasiques et immunomodulateurs,28
THALIDOMIDE,Fentadrol,antineoplasiques et immunomodulateurs,12
THALIDOMIDE,Fentadrox,antineoplasiques et immunomodulateurs,12
THALIDOMIDE,Fentadrox,antineoplasiques et immunomodulateurs,28
EVEROLIMUS,Fenticor,antineoplasiques et immunomodulateurs,28
EVEROLIMUS,Fenticor,antineoplasiques et immunomodulateurs,12
EVEROLIMUS,Fenticor,antineoplasiques et immunomodulateurs,56
EVEROLIMUS,Fenticor,antineoplasiques et immunomodulateurs,98
EVEROLIMUS,Fentilax,antineoplasiques et immunomodulateurs,56
EVEROLIMUS,Fentilax,antineoplasiques et immunomodulateurs,6
EVEROLIMUS,Fentilax,antineoplasiques et immunomodulateurs,98
EVEROLIMUS,Fentilax,antineoplasiques et immunomodulateurs,12
EVEROLIMUS,Fentinex,antineoplasiques et immunomodulateurs,6
EVEROLIMUS,Fentinex,antineoplasiques et immunomodulateurs,12
EVEROLIMUS,Fentinex,antineoplasiques et immunomodulateurs,98
EVEROLIMUS,Fentinex,antineoplasiques et immunomodulateurs,56
TEMSIROLIMUS,Fentizol,antineoplasiques et immunomodulateurs,28
TEMSIROLIMUS,Fentizol,antineoplasiques et immunomodulateurs,6
TEMSIROLIMUS,Fentizol,antineoplasiques et immunomodulateurs,98
TEMSIROLIMUS,Fentolax,antineoplasiques et immunomodulateurs,56
TEMSIROLIMUS,Fentolax,antineoplasiques et immunomodulateurs,12
TEMSIROLIMUS,Fentolax,antineoplasiques et immunomodulateurs,6
TEMSIROLIMUS,Fentolax,antineoplasiques et immunomodulateurs,98
TEMSIROLIMUS,Fenylar,antineoplasiques et immunomodulateurs,28
TEMSIROLIMUS,Fenylar,antineoplasiques et immunomodulateurs,56
DASATINIB,Fenysed,antineoplasiques et immunomodulateurs,98
DASATINIB,Fenysed,antineoplasiques et immunomodulateurs,56
DASATINIB,Fenysed,antineoplasiques et immunomodulateurs,12
DASATINIB,Feverall,antineoplasiques et immunomodulateurs,56
DASATINIB,Feverall,antineoplasiques et immunomodulateurs,6
DASATINIB,Feverall,antineoplasiques et immunomodulateurs,28
DASATINIB,Feverall,antineoplasiques et immunomodulateurs,98
DASATINIB,Fexigen,antineoplasiques et immunomodulateurs,98
DASATINIB,Fexigen,antineoplasiques et immunomodulateurs,56
ERLOTINIB,Fibramol,antineoplasiques et immunomodulateurs,6
ERLOTINIB,Fibroxol,antineoplasiques et immunomodulateurs,6
ERLOTINIB,Fibroxol,antineoplasiques et immunomodulateurs,98
ERLOTINIB,Fibroxol,antineoplasiques et immunomodulateurs,56
ERLOTINIB,Fibroxol,antineoplasiques et immunomodulateurs,12
ERLOTINIB,Fidigen,antineoplasiques et immunomodulateurs,6
ERLOTINIB,Fidigen,antineoplasiques et immunomodulateurs,12
ERLOTINIB,Fidigen,antineoplasiques et immunomodulateurs,98
ERLOTINIB,Fidigen,antineoplasiques et immunomodulateurs,28
GEFITINIB,Fisopril,antineoplasiques et immunomodulateurs,98
GEFITINIB,Fisopril,antineoplasiques et immunomodulateurs,28
GEFITINIB,Fisopril,antineoplasiques et immunomodulateurs,6
GEFITINIB,Flemoxin,antineoplasiques et immunomodulateurs,98
GEFITINIB,Flemoxin,antineoplasiques et immunomodulateurs,56
GEFITINIB,Flemoxin,antineoplasiques et immunomodulateurs,28
GEFITINIB,Flexatone,antineoplasiques et immunomodulateurs,12
GEFITINIB,Flexatone,antineoplasiques et immunomodulateurs,28
IMATINIB,Flexuron,antineoplasiques et immunomodulateurs,12
IMATINIB,Flexuron,antineoplasiques et immunomodulateurs,98
IMATINIB,Flexuron,antineoplasiques et immunomodulateurs,28
IMATINIB,Flexuron,antineoplasiques et immunomodulateurs,6
IMATINIB,Florostat,antineoplasiques et immunomodulateurs,28
IMATINIB,Flucolax,antineoplasiques et immunomodulateurs,56
IMATINIB,Flucolax,antineoplasiques et immunomodulateurs,12
LAPATINIB,Fludacil,antineoplasiques et immunomodulateurs,98
LAPATINIB,Fludacil,antineoplasiques et immunomodulateurs,28
LAPATINIB,Flumetol,antineoplasiques et immunomodulateurs,12
LAPATINIB,Flumetol,antineoplasiques et immunomodulateurs,28
LAPATINIB,Flumetol,antineoplasiques et immunomodulateurs,6
LAPATINIB,Flutalox,antineoplasiques et immunomodulateurs,98
LAPATINIB,Flutalox,antineoplasiques et immunomodulateurs,56
NILOTINIB,Folipro,antineoplasiques et immunomodulateurs,12
NILOTINIB,Folipro,antineoplasiques et immunomodulateurs,6
NILOTINIB,Folsed,antineoplasiques et immunomodulateurs,98
NILOTINIB,Folsed,antineoplasiques et immunomodulateurs,12
NILOTINIB,Fongicon,antineoplasiques et immunomodulateurs,28
NILOTINIB,Fongicon,antineoplasiques et immunomodulateurs,6
NILOTINIB,Fongicon,antineoplasiques et immunomodulateurs,98
NILOTINIB,Fongicon,antineoplasiques et immunomodulateurs,56
PAZOPANIB,Forzest,antineoplasiques et immunomodulateurs,6
PAZOPANIB,Forzest,antineoplasiques et immunomodulateurs,28
PAZOPANIB,Fosfocil,antineoplasiques et immunomodulateurs,56
PAZOPANIB,Fosfocil,antineoplasiques et immunomodulateurs,6
PAZOPANIB,Fosicomb,antineoplasiques et immunomodulateurs,98
PAZOPANIB,Fosicomb,antineoplasiques et immunomodulateurs,6
PAZOPANIB,Fosicomb,antineoplasiques et immunomodulateurs,56
PAZOPANIB,Fosicomb,antineoplasiques et immunomodulateurs,12
SORAFENIB,Fosinopril,antineoplasiques et immunomodulateurs,6
SORAFENIB,Fosinopril,antineoplasiques et immunomodulateurs,28
SORAFENIB,Frovax,antineoplasiques et immunomodulateurs,28
SORAFENIB,Frovax,antineoplasiques et immunomodulateurs,98
SORAFENIB,Frovax,antineoplasiques et immunomodulateurs,56
SORAFENIB,Fumacil,antineoplasiques et immunomodulateurs,12
SORAFENIB,Fumacil,antineoplasiques et immunomodulateurs,28
SORAFENIB,Fumacil,antineoplasiques et immunomodulateurs,98
SUNITINIB,Furanox,antineoplasiques et immunomodulateurs,6
SUNITINIB,Furanox,antineoplasiques et immunomodulateurs,28
SUNITINIB,Furobact,antineoplasiques et immunomodulateurs,12
SUNITINIB,Furobact,antineoplasiques et immunomodulateurs,6
SUNITINIB,Furobact,antineoplasiques et immunomodulateurs,28
SUNITINIB,Furobact,antineoplasiques et immunomodulateurs,98
SUNITINIB,Furolept,antineoplasiques et immunomodulateurs,6
LOMUSTINE,Gabasol,antineoplasiques et immunomodulateurs,12
LOMUSTINE,Gabasol,antineoplasiques et immunomodulateurs,56
LOMUSTINE,Galidone,antineoplasiques et immunomodulateurs,12
LOMUSTINE,Galvastin,antineoplasiques et immunomodulateurs,28
LOMUSTINE,Galvastin,antineoplasiques et immunomodulateurs,98
LOMUSTINE,Galvastin,antineoplasiques et immunomodulateurs,56
FLUDARABINE,Gamamix,antineoplasiques et immunomodulateurs,98
FLUDARABINE,Gastrovix,antineoplasiques et immunomodulateurs,12
FLUDARABINE,Gemitrol,antineoplasiques et immunomodulateurs,98
FLUDARABINE,Gemitrol,antineoplasiques et immunomodulateurs,6
CLOFARABINE,Genaplex,antineoplasiques et immunomodulateurs,28
CLOFARABINE,Genaplex,antineoplasiques et immunomodulateurs,12
CLOFARABINE,Gencapril,antineoplasiques et immunomodulateurs,98
CLOFARABINE,Gencapril,antineoplasiques et immunomodulateurs,12
CLOFARABINE,Gencapril,antineoplasiques et immunomodulateurs,56
CLOFARABINE,Gencapril,antineoplasiques et immunomodulateurs,28
CLOFARABINE,Genocolan,antineoplasiques et immunomodulateurs,12
CLOFARABINE,Genocolan,antineoplasiques et immunomodulateurs,6
CLOFARABINE,Genocolan,antineoplasiques et immunomodulateurs,56
CLOFARABINE,Genocolan,antineoplasiques et immunomodulateurs,98
PEMETREXED,Genolax,antineoplasiques et immunomodulateurs,6
PEMETREXED,Genolax,antineoplasiques et immunomodulateurs,28
PEMETREXED,Genolax,antineoplasiques et immunomodulateurs,12
PEMETREXED,Gentadex,antineoplasiques et immunomodulateurs,98
PEMETREXED,Gentadil,antineoplasiques et immunomodulateurs,6
PEMETREXED,Gentadil,antineoplasiques et immunomodulateurs,98
ALEMTUZUMAB,Gentadine,antineoplasiques et immunomodulateurs,12
ALEMTUZUMAB,Gentadine,antineoplasiques et immunomodulateurs,98
ALEMTUZUMAB,Gentamicin,antineoplasiques et immunomodulateurs,56
ALEMTUZUMAB,Gentamicin,antineoplasiques et immunomodulateurs,98
ALEMTUZUMAB,Gentamix,antineoplasiques et immunomodulateurs,98
ALEMTUZUMAB,Gentamix,antineoplasiques et immunomodulateurs,56
ALEMTUZUMAB,Gentamix,antineoplasiques et immunomodulateurs,6
CATUMAXOMAB,Gentaplex,antineoplasiques et immunomodulateurs,6
CATUMAXOMAB,Gentaplex,antineoplasiques et immunomodulateurs,12
CATUMAXOMAB,Gentaplex,antineoplasiques et immunomodulateurs,28
CATUMAXOMAB,Gentaplex,antineoplasiques et immunomodulateurs,98
CATUMAXOMAB,Gentarix,antineoplasiques et immunomodulateurs,12
CATUMAXOMAB,Gentarix,antineoplasiques et immunomodulateurs,98
CATUMAXOMAB,Gentarix,antineoplasiques et immunomodulateurs,28
CATUMAXOMAB,Gentastat,antineoplasiques et immunomodulateurs,28
CATUMAXOMAB,Gentastat,antineoplasiques et immunomodulateurs,6
CATUMAXOMAB,Gentastat,antineoplasiques et immunomodulateurs,12
CATUMAXOMAB,Gentastat,antineoplasiques et immunomodulateurs,56
IPILIMUMAB,Gentatrim,antineoplasiques et immunomodulateurs,98
IPILIMUMAB,Gentatrim,antineoplasiques et immunomodulateurs,56
IPILIMUMAB,Gentatrim,antineoplasiques et immunomodulateurs,6
IPILIMUMAB,Gentavet,antineoplasiques et immunomodulateurs,98
IPILIMUMAB,Gentavet,antineoplasiques et immunomodulateurs,12
IPILIMUMAB,Gentavet,antineoplasiques et immunomodulateurs,6
IPILIMUMAB,Genticin,antineoplasiques et immunomodulateurs,6
IPILIMUMAB,Genticin,antineoplasiques et immunomodulateurs,12
AMSACRINE,Gentiplex,antineoplasiques et immunomodulateurs,6
AMSACRINE,Gentiplex,antineoplasiques et immunomodulateurs,98
AMSACRINE,Gentiplex,antineoplasiques et immunomodulateurs,28
AMSACRINE,Gentiplex,antineoplasiques et immunomodulateurs,12
AMSACRINE,Gentoxil,antineoplasiques et immunomodulateurs,6
AMSACRINE,Gentoxil,antineoplasiques et immunomodulateurs,12
AMSACRINE,Gentoxil,antineoplasiques et immunomodulateurs,56
AMSACRINE,Gentoxil,antineoplasiques et immunomodulateurs,28
AMSACRINE,Gevilon,antineoplasiques et immunomodulateurs,6
ASPARAGINASE,Gibixen,antineoplasiques et immunomodulateurs,6
ASPARAGINASE,Gibixen,antineoplasiques et immunomodulateurs,28
ASPARAGINASE,Gibixen,antineoplasiques et immunomodulateurs,98
ASPARAGINASE,Gimalxina,antineoplasiques et immunomodulateurs,12
ASPARAGINASE,Gimalxina,antineoplasiques et immunomodulateurs,98
ASPARAGINASE,Ginkotrex,antineoplasiques et immunomodulateurs,56
ASPARAGINASE,Ginkotrex,antineoplasiques et immunomodulateurs,98
HYDROXYCARBAMIDE,Glaucotensil,antineoplasiques et immunomodulateurs,6
HYDROXYCARBAMIDE,Glaucotensil,antineoplasiques et immunomodulateurs,28
HYDROXYCARBAMIDE,Glaucotensil,antineoplasiques et immunomodulateurs,12
HYDROXYCARBAMIDE,Glaucotensil,antineoplasiques et immunomodulateurs,56
HYDROXYCARBAMIDE,Glibedal,antineoplasiques et immunomodulateurs,6
HYDROXYCARBAMIDE,Glibedal,antineoplasiques et immunomodulateurs,28
HYDROXYCARBAMIDE,Glicemox,antineoplasiques et immunomodulateurs,98
HYDROXYCARBAMIDE,Glicemox,antineoplasiques et immunomodulateurs,28
HYDROXYCARBAMIDE,Glicemox,antineoplasiques et immunomodulateurs,56
HYDROXYCARBAMIDE,Glicemox,antineoplasiques et immunomodulateurs,12
ACENOCOUMAROL,Glicetanil,sang et organes hematopoietiques,28
ACENOCOUMAROL,Glicetanil,sang et organes hematopoietiques,56
ACENOCOUMAROL,Glicim,sang et organes hematopoietiques,28
ACENOCOUMAROL,Glicim,sang et organes hematopoietiques,56
ACENOCOUMAROL,Glicim,sang et organes hematopoietiques,6
ACENOCOUMAROL,Glyburin,sang et organes hematopoietiques,28
ACENOCOUMAROL,Glyburin,sang et organes hematopoietiques,56
ACENOCOUMAROL,Glyburin,sang et organes hematopoietiques,6
ACENOCOUMAROL,Glyburin,sang et organes hematopoietiques,12
ACIDE VALPROÏQUE,Glycomet,systeme nerveux,6
ACIDE VALPROÏQUE,Glyconil,systeme nerveux,98
ACIDE VALPROÏQUE,Glyconil,systeme nerveux,6
ACIDE VALPROÏQUE,Glycoran,systeme nerveux,28
ALFENTANIL,Glycorex,systeme nerveux,28
ALFENTANIL,Glycorex,systeme nerveux,12
ALFENTANIL,Glykosid,systeme nerveux,56
ALFENTANIL,Glykosid,systeme nerveux,12
ALFENTANIL,Glykosid,systeme nerveux,98
ALFENTANIL,Glykosid,systeme nerveux,6
ALFENTANIL,Glylevia,systeme nerveux,12
ALPRAZOLAM,Glymide,systeme nerveux,98
ALPRAZOLAM,Glynase,systeme nerveux,28
ALPRAZOLAM,Glynase,systeme nerveux,98
ALPRAZOLAM,Glynase,systeme nerveux,6
ALPRAZOLAM,Glynase,systeme nerveux,56
ALPRAZOLAM,Glyquin,systeme nerveux,98
ALPRAZOLAM,Glyquin,systeme nerveux,56
AMIODARONE,Goldastatin,systeme cardiovasculaire,6
AMIODARONE,Gonaxil,systeme cardiovasculaire,28
AMIODARONE,Gonaxil,systeme cardiovasculaire,56
AMIODARONE,Gonexin,systeme cardiovasculaire,56
AMITRIPTYLINE,Gonocin,systeme nerveux,56
AMITRIPTYLINE,Gositerol,systeme nerveux,98
AMITRIPTYLINE,Gositerol,systeme nerveux,6
AMITRIPTYLINE,Graniset,systeme nerveux,28
AMITRIPTYLINE,Graniset,systeme nerveux,12
AMITRIPTYLINE,Graniset,systeme nerveux,6
AMITRIPTYLINE,Graniset,systeme nerveux,98
APIXABAN,Grifapril,sang et organes hematopoietiques,98
APIXABAN,Grifapril,sang et organes hematopoietiques,56
APIXABAN,Grifapril,sang et organes hematopoietiques,12
APIXABAN,Grisovin,sang et organes hematopoietiques,6
APIXABAN,Grisovin,sang et organes hematopoietiques,12
APIXABAN,Gynestrel,sang et organes hematopoietiques,28
APIXABAN,Gynestrel,sang et organes hematopoietiques,56
ARIPIPRAZOLE,Gynovin,systeme nerveux,28
ARIPIPRAZOLE,Gynovin,systeme nerveux,6
ARIPIPRAZOLE,Gynovin,systeme nerveux,56
ARIPIPRAZOLE,Gynovin,systeme nerveux,98
ARIPIPRAZOLE,Hachimycin,systeme nerveux,28
ARIPIPRAZOLE,Hachimycin,systeme nerveux,56
ARIPIPRAZOLE,Haemoclar,systeme nerveux,28
ARIPIPRAZOLE,Haemoclar,systeme nerveux,6
ARIPIPRAZOLE,Haemoclar,systeme nerveux,98
ATAZANAVIR,Halolyn,antiinfectieux generaux a usage systemique,56
ATAZANAVIR,Halopred,antiinfectieux generaux a usage systemique,28
ATAZANAVIR,Halopred,antiinfectieux generaux a usage systemique,56
ATAZANAVIR,Halopred,antiinfectieux generaux a usage systemique,12
ATAZANAVIR,Halotex,antiinfectieux generaux a usage systemique,12
ATAZANAVIR,Halotex,antiinfectieux generaux a usage systemique,6
ATAZANAVIR,Halotex,antiinfectieux generaux a usage systemique,56
ATAZANAVIR,Halotex,antiinfectieux generaux a usage systemique,98
ATORVASTATINE,Harnalix,systeme cardiovasculaire,6
ATORVASTATINE,Havrix,systeme cardiovasculaire,6
ATORVASTATINE,Havrix,systeme cardiovasculaire,98
ATORVASTATINE,Havrix,systeme cardiovasculaire,28
ATORVASTATINE,Havrix,systeme cardiovasculaire,56
ATORVASTATINE,Helicid,systeme cardiovasculaire,56
ATORVASTATINE,Helicid,systeme cardiovasculaire,6
AXITINIB,Hepacol,antineoplasiques et immunomodulateurs,28
AXITINIB,Hepacol,antineoplasiques et immunomodulateurs,98
AXITINIB,Hepavix,antineoplasiques et immunomodulateurs,28
AXITINIB,Hepavix,antineoplasiques et immunomodulateurs,12
AXITINIB,Hepavix,antineoplasiques et immunomodulateurs,56
AXITINIB,Hepavix,antineoplasiques et immunomodulateurs,6
AXITINIB,Hexathin,antineoplasiques et immunomodulateurs,12
AXITINIB,Hexathin,antineoplasiques et immunomodulateurs,56
AXITINIB,Hexathin,antineoplasiques et immunomodulateurs,28
BISOPROLOL,Hiborin,systeme cardiovasculaire,98
BISOPROLOL,Hiborin,systeme cardiovasculaire,12
BISOPROLOL,Hiborin,systeme cardiovasculaire,56
BISOPROLOL,Higlucem,systeme cardiovasculaire,28
BISOPROLOL,Histalon,systeme cardiovasculaire,98
BISOPROLOL,Histalon,systeme cardiovasculaire,6
BISOPROLOL,Histalon,systeme cardiovasculaire,12
BOSENTAN,Histalox,systeme cardiovasculaire,12
BOSENTAN,Histalox,systeme cardiovasculaire,98
BOSENTAN,Hydramax,systeme cardiovasculaire,6
BOSENTAN,Hydramax,systeme cardiovasculaire,28
BOSENTAN,Hydramax,systeme cardiovasculaire,12
BOSENTAN,Hydramax,systeme cardiovasculaire,56
BOSENTAN,Hydrinol,systeme cardiovasculaire,6
BOSENTAN,Hydrinol,systeme cardiovasculaire,98
BOSENTAN,Hydrinol,systeme cardiovasculaire,12
BROMOCRIPTINE,Hydroserp,systeme nerveux,28
BROMOCRIPTINE,Hydroserp,systeme nerveux,98
BROMOCRIPTINE,Hypodol,systeme nerveux,56
BROMOCRIPTINE,Hypodol,systeme nerveux,12
BROMOCRIPTINE,Hypodol,systeme nerveux,28
BROMOCRIPTINE,Hypotin,systeme nerveux,56
BROMOCRIPTINE,Hypotin,systeme nerveux,12
BROMOCRIPTINE,Hypotin,systeme nerveux,28
BUPIVACAÏNE,Ibunate,systeme nerveux,98
BUPIVACAÏNE,Ibunate,systeme nerveux,6
BUPIVACAÏNE,Ibunate,systeme nerveux,56
BUPIVACAÏNE,Iclaprim,systeme nerveux,98
BUPIVACAÏNE,Iclaprim,systeme nerveux,28
BUPIVACAÏNE,Iclaprim,systeme nerveux,6
BUPIVACAÏNE,Idamol,systeme nerveux,56
BUPIVACAÏNE,Idamol,systeme nerveux,12
BUPIVACAÏNE,Idamol,systeme nerveux,28
AMLODIPINE,Idilone,systeme cardiovasculaire,28
AMLODIPINE,Idilone,systeme cardiovasculaire,98
AMLODIPINE,Idilone,systeme cardiovasculaire,56
AMLODIPINE,Idilone,systeme cardiovasculaire,12
AMLODIPINE,Idrofos,systeme cardiovasculaire,6
AMLODIPINE,Idrofos,systeme cardiovasculaire,28
AMLODIPINE,Idrofos,systeme cardiovasculaire,56
AMLODIPINE,Idrosalure,systeme cardiovasculaire,98
AMLODIPINE,Idrosalure,systeme cardiovasculaire,12
AMLODIPINE,Idrosalure,systeme cardiovasculaire,56
AMLODIPINE,Idrosalure,systeme cardiovasculaire,6
BUPRENORPHINE,Ifemara,systeme nerveux,98
BUPRENORPHINE,Ifemara,systeme nerveux,56
BUPRENORPHINE,Ifemara,systeme nerveux,6
BUPRENORPHINE,Ifemara,systeme nerveux,12
BUPRENORPHINE,Ifenin,systeme nerveux,98
BUPRENORPHINE,Ildamen,systeme nerveux,28
BUPRENORPHINE,Ildamen,systeme nerveux,12
CARBAMAZEPINE,Ildoxen,systeme nerveux,98
CARBAMAZEPINE,Iliadin,systeme nerveux,56
CARBAMAZEPINE,Iliadin,systeme nerveux,12
CARBAMAZEPINE,Iliadin,systeme nerveux,28
CARBAMAZEPINE,Iliadin,systeme nerveux,6
CARBAMAZEPINE,Ilonvir,systeme nerveux,56
CARBAMAZEPINE,Ilonvir,systeme nerveux,98
CARBAMAZEPINE,Ilonvir,systeme nerveux,6
CARBAMAZEPINE,Ilonvir,systeme nerveux,12
CARVEDILOL,Imdur,systeme cardiovasculaire,28
CARVEDILOL,Imizan,systeme cardiovasculaire,12
CARVEDILOL,Immusant,systeme cardiovasculaire,56
CARVEDILOL,Immusant,systeme cardiovasculaire,28
CELECOXIB,Immusporin,muscle et squelette,98
CELECOXIB,Imuran,muscle et squelette,56
CELECOXIB,Imuran,muscle et squelette,12
CELECOXIB,Imuran,muscle et squelette,6
CELECOXIB,Imuran,muscle et squelette,98
CELECOXIB,Inadol,muscle et squelette,12
CITALOPRAM,Inflanefran,systeme nerveux,6
CITALOPRAM,Inflanefran,systeme nerveux,56
CITALOPRAM,Inflanefran,systeme nerveux,28
CITALOPRAM,Inflanefran,systeme nerveux,12
CITALOPRAM,Infloxin,systeme nerveux,12
CITALOPRAM,Inmecin,systeme nerveux,56
CITALOPRAM,Inmecin,systeme nerveux,28
CLARITHROMYCINE,Innopran,antiinfectieux generaux a usage systemique,56
CLARITHROMYCINE,Innopran,antiinfectieux generaux a usage systemique,28
CLARITHROMYCINE,Inolaxol,antiinfectieux generaux a usage systemique,28
CLARITHROMYCINE,Inoscorbin,antiinfectieux generaux a usage systemique,6
CLARITHROMYCINE,Inoscorbin,antiinfectieux generaux a usage systemique,28
CLARITHROMYCINE,Inoscorbin,antiinfectieux generaux a usage systemique,56
CLOBAZAM,Inotop,systeme nerveux,56
CLOBAZAM,Inotop,systeme nerveux,6
CLOBAZAM,Inotop,systeme nerveux,28
CLOBAZAM,Inotop,systeme nerveux,98
CLOBAZAM,Insulatard,systeme nerveux,98
CLOBAZAM,Insulatard,systeme nerveux,6
CLOBAZAM,Insulatard,systeme nerveux,28
CLOBAZAM,Intalox,systeme nerveux,28
CLOBAZAM,Intalox,systeme nerveux,98
CLOBAZAM,Intalox,systeme nerveux,56
CLOBAZAM,Intalox,systeme nerveux,12
CLOMIPRAMINE,Iocetamic,systeme nerveux,28
CLOMIPRAMINE,Iocetamic,systeme nerveux,6
CLOMIPRAMINE,Iocetamic,systeme nerveux,98
CLOMIPRAMINE,Iodocap,systeme nerveux,12
CLOMIPRAMINE,Iodocap,systeme nerveux,28
CLOMIPRAMINE,Iodocap,systeme nerveux,98
CLOMIPRAMINE,Iodotensil,systeme nerveux,12
CLOMIPRAMINE,Iodotensil,systeme nerveux,98
CLONAZEPAM,Iproxen,systeme nerveux,98
CLONAZEPAM,Iproxen,systeme nerveux,56
CLONAZEPAM,Iproxen,systeme nerveux,12
CLONAZEPAM,Irenax,systeme nerveux,6
CLONAZEPAM,Irenax,systeme nerveux,98
CLONAZEPAM,Iridocyclitis,systeme nerveux,56
CLONAZEPAM,Iridocyclitis,systeme nerveux,12
CLONAZEPAM,Iridocyclitis,systeme nerveux,98
CLOPIDOGREL,Irridin,sang et organes hematopoietiques,12
CLOPIDOGREL,Irridin,sang et organes hematopoietiques,56
CLOPIDOGREL,Irridin,sang et organes hematopoietiques,28
CLOPIDOGREL,Iskamide,sang et organes hematopoietiques,6
CLOPIDOGREL,Ismolax,sang et organes hematopoietiques,98
CLOPIDOGREL,Ismolax,sang et organes hematopoietiques,56
CLOPIDOGREL,Ismolax,sang et organes hematopoietiques,6
CLOPIDOGREL,Ismolax,sang et organes hematopoietiques,12
CLOZAPINE,Isotopin,systeme nerveux,98
CLOZAPINE,Isotopin,systeme nerveux,6
CLOZAPINE,Isotopin,systeme nerveux,28
CLOZAPINE,Ivaxim,systeme nerveux,6
CLOZAPINE,Ivaxim,systeme nerveux,12
CLOZAPINE,Ivaxim,systeme nerveux,56
CLOZAPINE,Ivaxim,systeme nerveux,28
CLOZAPINE,Ivergot,systeme nerveux,98
CLOZAPINE,Ivergot,systeme nerveux,12
CLOZAPINE,Ivergot,systeme nerveux,28
CLOZAPINE,Ivergot,systeme nerveux,6
COLCHICINE,Ivylex,muscle et squelette,28
COLCHICINE,Ivylex,muscle et squelette,56
COLCHICINE,Jumexil,muscle et squelette,28
COLCHICINE,Jumexil,muscle et squelette,98
COLCHICINE,Kalestol,muscle et squelette,98
COLCHICINE,Kalestol,muscle et squelette,12
COLCHICINE,Kalestol,muscle et squelette,28
DARUNAVIR,Kalmex,antiinfectieux generaux a usage systemique,28
DARUNAVIR,Kalmex,antiinfectieux generaux a usage systemique,98
DARUNAVIR,Kalmex,antiinfectieux generaux a usage systemique,6
DARUNAVIR,Kalmex,antiinfectieux generaux a usage systemique,56
DARUNAVIR,Kamistad,antiinfectieux generaux a usage systemique,12
DARUNAVIR,Kamistad,antiinfectieux generaux a usage systemique,6
DARUNAVIR,Kamistad,antiinfectieux generaux a usage systemique,98
DARUNAVIR,Kamistad,antiinfectieux generaux a usage systemique,56
DARUNAVIR,Kanacill,antiinfectieux generaux a usage systemique,6
DARUNAVIR,Kanacill,antiinfectieux generaux a usage systemique,98
DARUNAVIR,Kanacill,antiinfectieux generaux a usage systemique,56
DARUNAVIR,Kanacill,antiinfectieux generaux a usage systemique,28
DESOGESTREL,Kanacyn,systeme genito urinaire et hormones sexuelles,56
DESOGESTREL,Kanamix,systeme genito urinaire et hormones sexuelles,28
DESOGESTREL,Kanamix,systeme genito urinaire et hormones sexuelles,6
DESOGESTREL,Kanaplex,systeme genito urinaire et hormones sexuelles,6
DESOGESTREL,Kanaplex,systeme genito urinaire et hormones sexuelles,12
DESOGESTREL,Kanaplex,systeme genito urinaire et hormones sexuelles,56
DESOGESTREL,Kanaplex,systeme genito urinaire et hormones sexuelles,28
DIAZEPAM,Kanaspiron,systeme nerveux,6
DIAZEPAM,Kanaspiron,systeme nerveux,56
DIAZEPAM,Kanaspiron,systeme nerveux,28
DIAZEPAM,Kandicin,systeme nerveux,12
DIAZEPAM,Kandicin,systeme nerveux,56
DIAZEPAM,Kanisporin,systeme nerveux,56
DIAZEPAM,Kanisporin,systeme nerveux,6
DIAZEPAM,Kanisporin,systeme nerveux,28
DIAZEPAM,Kanisporin,systeme nerveux,12
DICLOFENAC,Kanixone,organes sensoriels,6
DICLOFENAC,Kanixone,organes sensoriels,28
DICLOFENAC,Kanoprem,organes sensoriels,12
DICLOFENAC,Kanoprem,organes sensoriels,56
DICLOFENAC,Kanrex,organes sensoriels,12
DICLOFENAC,Kanrex,organes sensoriels,6
DICLOFENAC,Kanrex,organes sensoriels,98
DILTIAZEM,Kansolox,systeme cardiovasculaire,98
DILTIAZEM,Kansolox,systeme cardiovasculaire,56
DILTIAZEM,Kaptoprils,systeme cardiovasculaire,6
DILTIAZEM,Karbis,systeme cardiovasculaire,6
DIPHENHYDRAMINE,Keflin,systeme respiratoire,56
DIPHENHYDRAMINE,Keflin,systeme respiratoire,98
DIPHENHYDRAMINE,Kefurox,systeme respiratoire,98
DIPHENHYDRAMINE,Kefurox,systeme respiratoire,12
DIPHENHYDRAMINE,Kefurox,systeme respiratoire,56
DIPHENHYDRAMINE,Kefurox,systeme respiratoire,6
DIPHENHYDRAMINE,Kemadren,systeme respiratoire,28
DIPHENHYDRAMINE,Kemadren,systeme respiratoire,12
DIPHENHYDRAMINE,Kemadren,systeme respiratoire,56
DIPHENHYDRAMINE,Kemadren,systeme respiratoire,6
DONEPEZIL,Kemoprim,systeme nerveux,98
DONEPEZIL,Kemoprim,systeme nerveux,12
DONEPEZIL,Kemoprim,systeme nerveux,28
DONEPEZIL,Kemoprim,systeme nerveux,56
DONEPEZIL,Kendral,systeme nerveux,98
DONEPEZIL,Kendral,systeme nerveux,6
DONEPEZIL,Kenflex,systeme nerveux,56
DONEPEZIL,Kenflex,systeme nerveux,28
DONEPEZIL,Kenflex,systeme nerveux,6
DONEPEZIL,Kenflex,systeme nerveux,12
DULOXETINE,Kenzoflex,systeme nerveux,98
DULOXETINE,Kenzoflex,systeme nerveux,12
DULOXETINE,Ketoconazol,systeme nerveux,6
DULOXETINE,Ketogesic,systeme nerveux,6
DUTASTERIDE,Ketomed,systeme genito urinaire et hormones sexuelles,6
DUTASTERIDE,Ketomed,systeme genito urinaire et hormones sexuelles,12
DUTASTERIDE,Ketomed,systeme genito urinaire et hormones sexuelles,98
DUTASTERIDE,Ketomed,systeme genito urinaire et hormones sexuelles,28
DUTASTERIDE,Ketoprom,systeme genito urinaire et hormones sexuelles,98
DUTASTERIDE,Ketoprom,systeme genito urinaire et hormones sexuelles,56
DUTASTERIDE,Ketoprom,systeme genito urinaire et hormones sexuelles,12
DUTASTERIDE,Ketorin,systeme genito urinaire et hormones sexuelles,28
DUTASTERIDE,Ketorin,systeme genito urinaire et hormones sexuelles,6
DUTASTERIDE,Ketorin,systeme genito urinaire et hormones sexuelles,12
DUTASTERIDE,Ketorin,systeme genito urinaire et hormones sexuelles,98
EFAVIRENZ,Ketotifin,antiinfectieux generaux a usage systemique,28
EFAVIRENZ,Ketotifin,antiinfectieux generaux a usage systemique,12
EFAVIRENZ,Ketotifin,antiinfectieux generaux a usage systemique,98
EFAVIRENZ,Ketovit,antiinfectieux generaux a usage systemique,6
EFAVIRENZ,Ketovit,antiinfectieux generaux a usage systemique,28
EFAVIRENZ,Ketozol,antiinfectieux generaux a usage systemique,98
EFAVIRENZ,Ketozol,antiinfectieux generaux a usage systemique,6
EPLERENONE,Klaridex,systeme cardiovasculaire,98
EPLERENONE,Klaridex,systeme cardiovasculaire,12
EPLERENONE,Klaridex,systeme cardiovasculaire,6
EPLERENONE,Klavocin,systeme cardiovasculaire,12
EPLERENONE,Klavocin,systeme cardiovasculaire,6
EPLERENONE,Klerimed,systeme cardiovasculaire,56
EPLERENONE,Klerimed,systeme cardiovasculaire,6
ERYTHROMYCINE,Klont,antiinfectieux generaux a usage systemique,28
ERYTHROMYCINE,Klont,antiinfectieux generaux a usage systemique,56
ERYTHROMYCINE,Klont,antiinfectieux generaux a usage systemique,12
ERYTHROMYCINE,Klont,antiinfectieux generaux a usage systemique,6
ERYTHROMYCINE,Kofein,antiinfectieux generaux a usage systemique,6
ERYTHROMYCINE,Kofein,antiinfectieux generaux a usage systemique,56
ERYTHROMYCINE,Kolibri,antiinfectieux generaux a usage systemique,56
ERYTHROMYCINE,Kolibri,antiinfectieux generaux a usage systemique,12
ERYTHROMYCINE,Kolibri,antiinfectieux generaux a usage systemique,98
ESOMEPRAZOLE,Korzem,voies digestives et metabolisme,98
ESOMEPRAZOLE,Korzem,voies digestives et metabolisme,12
ESOMEPRAZOLE,Korzem,voies digestives et metabolisme,56
ESOMEPRAZOLE,Kremzyn,voies digestives et metabolisme,28
ESOMEPRAZOLE,Kremzyn,voies digestives et metabolisme,12
ESOMEPRAZOLE,Kremzyn,voies digestives et metabolisme,56
ESOMEPRAZOLE,Kremzyn,voies digestives et metabolisme,6
ESOMEPRAZOLE,Kryptocur,voies digestives et metabolisme,98
ESOMEPRAZOLE,Kryptocur,voies digestives et metabolisme,56
ESOMEPRAZOLE,Kryptocur,voies digestives et metabolisme,28
ETHOSUXIMIDE,Kwells,systeme nerveux,98
ETHOSUXIMIDE,Labetalol,systeme nerveux,6
ETHOSUXIMIDE,Lacosamid,systeme nerveux,12
ETHOSUXIMIDE,Lacosamid,systeme nerveux,56
ETHOSUXIMIDE,Lacosamid,systeme nerveux,6
ETHOSUXIMIDE,Lacosamid,systeme nerveux,28
ETRAVIRINE,Lactulax,antiinfectieux generaux a usage systemique,56
ETRAVIRINE,Lactulax,antiinfectieux generaux a usage systemique,98
ETRAVIRINE,Lactulax,antiinfectieux generaux a usage systemique,6
ETRAVIRINE,Lactulax,antiinfectieux generaux a usage systemique,28
ETRAVIRINE,Lamazol,antiinfectieux generaux a usage systemique,56
ETRAVIRINE,Lametec,antiinfectieux generaux a usage systemique,98
ETRAVIRINE,Lametec,antiinfectieux generaux a usage systemique,6
ETRAVIRINE,Lametec,antiinfectieux generaux a usage systemique,12
ETRAVIRINE,Lametec,antiinfectieux generaux a usage systemique,56
FELODIPINE,Lamidus,systeme cardiovasculaire,28
FELODIPINE,Lamidus,systeme cardiovasculaire,56
FELODIPINE,Lamilept,systeme cardiovasculaire,6
FELODIPINE,Lamicol,systeme cardiovasculaire,12
FELODIPINE,Lamicol,systeme cardiovasculaire,28
FENTANYL,Lamifin,systeme nerveux,56
FENTANYL,Lamifin,systeme nerveux,98
FENTANYL,Lamisil,systeme nerveux,98
FENTANYL,Lamisil,systeme nerveux,28
FENTANYL,Lamisil,systeme nerveux,12
FENTANYL,Lamisil,systeme nerveux,56
FENTANYL,Lamitor,systeme nerveux,98
FENTANYL,Lamitor,systeme nerveux,56
FENTANYL,Lamitor,systeme nerveux,6
FENTANYL,Lamitor,systeme nerveux,28
FINASTERIDE,Lamivudin,systeme genito urinaire et hormones sexuelles,28
FINASTERIDE,Lamivudin,systeme genito urinaire et hormones sexuelles,98
FINASTERIDE,Lamogin,systeme genito urinaire et hormones sexuelles,28
FINASTERIDE,Lamogin,systeme genito urinaire et hormones sexuelles,98
FINASTERIDE,Lamogin,systeme genito urinaire et hormones sexuelles,6
FINASTERIDE,Lamotren,systeme genito urinaire et hormones sexuelles,12
FLECAÏNIDE,Lanacine,systeme cardiovasculaire,98
FLECAÏNIDE,Lanacine,systeme cardiovasculaire,56
FLECAÏNIDE,Lanacine,systeme cardiovasculaire,6
FLECAÏNIDE,Lanexin,systeme cardiovasculaire,12
FLECAÏNIDE,Lanexin,systeme cardiovasculaire,98
FLECAÏNIDE,Lanoprazone,systeme cardiovasculaire,12
FLECAÏNIDE,Lanoprazone,systeme cardiovasculaire,56
FLECAÏNIDE,Lanoprazone,systeme cardiovasculaire,28
FLUOXETINE,Lansoq,systeme nerveux,98
FLUOXETINE,Lansoq,systeme nerveux,28
FLUOXETINE,Lansoq,systeme nerveux,6
FLUOXETINE,Lansoq,systeme nerveux,12
FLUOXETINE,Lapatanib,systeme nerveux,6
FLUOXETINE,Lapatanib,systeme nerveux,28
FLUOXETINE,Laractone,systeme nerveux,56
FLURBIPROFENE,Laroxyl,organes sensoriels,12
FLURBIPROFENE,Laroxyl,organes sensoriels,56
FLURBIPROFENE,Laroxyl,organes sensoriels,6
FLURBIPROFENE,Laroxyl,organes sensoriels,98
FLURBIPROFENE,Lasilacton,organes sensoriels,56
FLURBIPROFENE,Lasiletten,organes sensoriels,56
FLURBIPROFENE,Lasiletten,organes sensoriels,28
FLURBIPROFENE,Lasiletten,organes sensoriels,12
FLURBIPROFENE,Lasiletten,organes sensoriels,98
FLUVASTATINE,Lasilix,systeme cardiovasculaire,28
FLUVASTATINE,Lasolvan,systeme cardiovasculaire,56
FLUVASTATINE,Lasolvan,systeme cardiovasculaire,98
FLUVASTATINE,Latrimox,systeme cardiovasculaire,12
FLUVOXAMINE,Laxans,systeme nerveux,98
FLUVOXAMINE,Laxans,systeme nerveux,6
FLUVOXAMINE,Laxans,systeme nerveux,56
FLUVOXAMINE,Laxans,systeme nerveux,28
FLUVOXAMINE,Laxoberal,systeme nerveux,56
FLUVOXAMINE,Laxoberal,systeme nerveux,6
FLUVOXAMINE,Laxoberal,systeme nerveux,28
FLUVOXAMINE,Lazaxin,systeme nerveux,56
FOSAMPRENAVIR,Lecicarbon,antiinfectieux generaux a usage systemique,12
FOSAMPRENAVIR,Lecicarbon,antiinfectieux generaux a usage systemique,56
FOSAMPRENAVIR,Lecicarbon,antiinfectieux generaux a usage systemique,6
FOSAMPRENAVIR,Lecicarbon,antiinfectieux generaux a usage systemique,28
FOSAMPRENAVIR,Leflumax,antiinfectieux generaux a usage systemique,6
FOSAMPRENAVIR,Leflumax,antiinfectieux generaux a usage systemique,98
FOSAMPRENAVIR,Lefosan,antiinfectieux generaux a usage systemique,6
FOSAMPRENAVIR,Lefosan,antiinfectieux generaux a usage systemique,56
FOSAMPRENAVIR,Lefosan,antiinfectieux generaux a usage systemique,12
GALANTAMINE,Lefoxin,systeme nerveux,98
GALANTAMINE,Lefoxin,systeme nerveux,12
GALANTAMINE,Lefoxin,systeme nerveux,56
GALANTAMINE,Lemodil,systeme nerveux,28
GALANTAMINE,Lemodil,systeme nerveux,6
GALANTAMINE,Lendomax,systeme nerveux,12
GLIBENCLAMIDE,Lenitral,voies digestives et metabolisme,6
GLIBENCLAMIDE,Lenitral,voies digestives et metabolisme,98
GLIBENCLAMIDE,Lenitral,voies digestives et metabolisme,56
GLIBENCLAMIDE,Lenorex,voies digestives et metabolisme,6
GLIBENCLAMIDE,Leponex,voies digestives et metabolisme,56
GLIBENCLAMIDE,Leponex,voies digestives et metabolisme,98
GLIBENCLAMIDE,Leponex,voies digestives et metabolisme,12
GLIBENCLAMIDE,Leponex,voies digestives et metabolisme,6
GLICLAZIDE,Lercolin,voies digestives et metabolisme,12
GLICLAZIDE,Lercolin,voies digestives et metabolisme,6
GLICLAZIDE,Lercolin,voies digestives et metabolisme,56
GLICLAZIDE,Lercolin,voies digestives et metabolisme,98
GLICLAZIDE,Lertamine,voies digestives et metabolisme,98
GLICLAZIDE,Lertamine,voies digestives et metabolisme,28
GLICLAZIDE,Lertamine,voies digestives et metabolisme,56
GLICLAZIDE,Lertamine,voies digestives et metabolisme,6
GLICLAZIDE,Lescol,voies digestives et metabolisme,28
GLICLAZIDE,Lescol,voies digestives et metabolisme,98
GLICLAZIDE,Lescol,voies digestives et metabolisme,12
GLIMEPIRIDE,Lethicin,voies digestives et metabolisme,56
GLIMEPIRIDE,Lethicin,voies digestives et metabolisme,6
GLIMEPIRIDE,Leucodinine,voies digestives et metabolisme,56
GLIMEPIRIDE,Leukeran,voies digestives et metabolisme,6
GLIMEPIRIDE,Leukeran,voies digestives et metabolisme,12
GLIMEPIRIDE,Leukeran,voies digestives et metabolisme,56
GLIMEPIRIDE,Leukeran,voies digestives et metabolisme,98
GLIPIZIDE,Leukoscan,voies digestives et metabolisme,56
GLIPIZIDE,Leukoscan,voies digestives et metabolisme,28
GLIPIZIDE,Leukostim,voies digestives et metabolisme,6
GLIPIZIDE,Leukostim,voies digestives et metabolisme,98
GLIPIZIDE,Leuplin,voies digestives et metabolisme,6
GLIPIZIDE,Leuplin,voies digestives et metabolisme,28
GLIPIZIDE,Leuplin,voies digestives et metabolisme,98
GLIPIZIDE,Leuplin,voies digestives et metabolisme,12
GRANISETRON,Leustat,voies digestives et metabolisme,28
GRANISETRON,Leustat,voies digestives et metabolisme,56
GRANISETRON,Levaxin,voies digestives et metabolisme,56
GRANISETRON,Levaxin,voies digestives et metabolisme,28
GRANISETRON,Levedad,voies digestives et metabolisme,56
GRANISETRON,Levedad,voies digestives et metabolisme,28
HALOPERIDOL,Levemir,systeme nerveux,56
HALOPERIDOL,Levemir,systeme nerveux,6
HALOPERIDOL,Levex,systeme nerveux,98
HALOPERIDOL,Levex,systeme nerveux,12
HALOPERIDOL,Levex,systeme nerveux,6
HALOPERIDOL,Levitra,systeme nerveux,28
HALOPERIDOL,Levitra,systeme nerveux,56
HALOPERIDOL,Levitra,systeme nerveux,98
HALOPERIDOL,Levitra,systeme nerveux,12
IBUPROFENE,Levoxyl,muscle et squelette,28
IBUPROFENE,Lidestol,muscle et squelette,28
IBUPROFENE,Lidestol,muscle et squelette,6
IBUPROFENE,Lidestol,muscle et squelette,56
IBUPROFENE,Lidestol,muscle et squelette,12
IBUPROFENE,Lidil,muscle et squelette,6
IBUPROFENE,Lidil,muscle et squelette,12
IBUPROFENE,Lidil,muscle et squelette,28
IMIPRAMINE,Lidoxin,systeme nerveux,28
IMIPRAMINE,Lidoxin,systeme nerveux,98
IMIPRAMINE,Lidoxin,systeme nerveux,12
IMIPRAMINE,Lidoxin,systeme nerveux,6
IMIPRAMINE,Lifestat,systeme nerveux,98
IMIPRAMINE,Lifestat,systeme nerveux,56
IMIPRAMINE,Lifestat,systeme nerveux,12
IMIPRAMINE,Lifestat,systeme nerveux,28
IMIPRAMINE,Lifter,systeme nerveux,28
IMIPRAMINE,Lifter,systeme nerveux,56
IMIPRAMINE,Lifter,systeme nerveux,98
IMIPRAMINE,Lifter,systeme nerveux,12
INDINAVIR,Ligandrol,antiinfectieux generaux a usage systemique,12
INDINAVIR,Ligandrol,antiinfectieux generaux a usage systemique,6
INDINAVIR,Limbrel,antiinfectieux generaux a usage systemique,12
INDINAVIR,Limbrel,antiinfectieux generaux a usage systemique,98
INDINAVIR,Limbrel,antiinfectieux generaux a usage systemique,28
INDINAVIR,Limbitrol,antiinfectieux generaux a usage systemique,12
IRBESARTAN,Lincocin,systeme cardiovasculaire,12
IRBESARTAN,Lindisc,systeme cardiovasculaire,98
IRBESARTAN,Lindisc,systeme cardiovasculaire,56
IRBESARTAN,Lindisc,systeme cardiovasculaire,28
IRBESARTAN,Lindisc,systeme cardiovasculaire,12
IRBESARTAN,Linez,systeme cardiovasculaire,98
ISRADIPINE,Linkzol,systeme cardiovasculaire,98
ISRADIPINE,Linkzol,systeme cardiovasculaire,12
ISRADIPINE,Linkzol,systeme cardiovasculaire,6
ISRADIPINE,Linolacort,systeme cardiovasculaire,28
ISRADIPINE,Linolacort,systeme cardiovasculaire,56
ISRADIPINE,Linoliz,systeme cardiovasculaire,98
ISRADIPINE,Linoliz,systeme cardiovasculaire,56
ISRADIPINE,Linoliz,systeme cardiovasculaire,28
ITRACONAZOLE,Linoxyn,antiinfectieux generaux a usage systemique,98
ITRACONAZOLE,Liofora,antiinfectieux generaux a usage systemique,56
ITRACONAZOLE,Lipanthyl,antiinfectieux generaux a usage systemique,6
ITRACONAZOLE,Lipanthyl,antiinfectieux generaux a usage systemique,12
ITRACONAZOLE,Lipanthyl,antiinfectieux generaux a usage systemique,28
ITRACONAZOLE,Lipanthyl,antiinfectieux generaux a usage systemique,56
KETOCONAZOLE,Lipazil,antiinfectieux generaux a usage systemique,98
KETOCONAZOLE,Lipazil,antiinfectieux generaux a usage systemique,12
KETOCONAZOLE,Lipazil,antiinfectieux generaux a usage systemique,6
KETOCONAZOLE,Lipazil,antiinfectieux generaux a usage systemique,28
KETOCONAZOLE,Lipeq,antiinfectieux generaux a usage systemique,98
KETOCONAZOLE,Lipeq,antiinfectieux generaux a usage systemique,6
KETOCONAZOLE,Lipeq,antiinfectieux generaux a usage systemique,28
KETOCONAZOLE,Lipeq,antiinfectieux generaux a usage systemique,12
KETOCONAZOLE,Lipexal,antiinfectieux generaux a usage systemique,12
LANSOPRAZOLE,Lipicard,voies digestives et metabolisme,98
LANSOPRAZOLE,Lipicard,voies digestives et metabolisme,28
LANSOPRAZOLE,Lipidal,voies digestives et metabolisme,56
LANSOPRAZOLE,Lipidal,voies digestives et metabolisme,12
LANSOPRAZOLE,Lipidal,voies digestives et metabolisme,28
LANSOPRAZOLE,Lipidal,voies digestives et metabolisme,98
LANSOPRAZOLE,Lipimerck,voies digestives et metabolisme,56
LANSOPRAZOLE,Lipimerck,voies digestives et metabolisme,98
LANSOPRAZOLE,Lipimerck,voies digestives et metabolisme,28
LANSOPRAZOLE,Lipimerck,voies digestives et metabolisme,12
LEVOMEPROMAZINE,Lipinorm,systeme nerveux,56
LEVOMEPROMAZINE,Lipinorm,systeme nerveux,98
LEVOMEPROMAZINE,Lipinorm,systeme nerveux,28
LEVOMEPROMAZINE,Lipiox,systeme nerveux,28
LEVOMEPROMAZINE,Lipiox,systeme nerveux,56
LEVOMEPROMAZINE,Lipirex,systeme nerveux,56
LEVOMEPROMAZINE,Lipirex,systeme nerveux,28
LEVOMEPROMAZINE,Lipirex,systeme nerveux,98
LEVOMEPROMAZINE,Lipirex,systeme nerveux,6
LIDOCAÏNE,Lipitor,systeme respiratoire,6
LIDOCAÏNE,Lipitor,systeme respiratoire,98
LIDOCAÏNE,Lipitor,systeme respiratoire,28
LIDOCAÏNE,Lipitor,systeme respiratoire,56
LIDOCAÏNE,Lipocer,systeme respiratoire,6
LIDOCAÏNE,Lipofix,systeme respiratoire,98
LORATADINE,Lipofren,systeme respiratoire,12
LORATADINE,Lipohexal,systeme respiratoire,12
LORATADINE,Lipohexal,systeme respiratoire,98
LORATADINE,Lipohexal,systeme respiratoire,28
LORATADINE,Lipolax,systeme respiratoire,98
LORATADINE,Lipolax,systeme respiratoire,6
LOSARTAN,Lipomed,systeme cardiovasculaire,28
LOSARTAN,Lipomin,systeme cardiovasculaire,98
LOSARTAN,Lipomin,systeme cardiovasculaire,28
LOSARTAN,Liponorm,systeme cardiovasculaire,56
LOSARTAN,Liponorm,systeme cardiovasculaire,6
LOSARTAN,Liponorm,systeme cardiovasculaire,28
MAPROTILINE,Liporex,systeme nerveux,28
MAPROTILINE,Liporex,systeme nerveux,12
MAPROTILINE,Lipostop,systeme nerveux,12
MAPROTILINE,Lipostop,systeme nerveux,56
MAPROTILINE,Lipovastatin,systeme nerveux,6
MAPROTILINE,Lipovastatin,systeme nerveux,28
MEFLOQUINE,Lipoxen,antiparasitaires,28
MEFLOQUINE,Lipoxen,antiparasitaires,6
MEFLOQUINE,Lipoxen,antiparasitaires,98
MEFLOQUINE,Lipoxen,antiparasitaires,12
MEFLOQUINE,Liraglutid,antiparasitaires,12
MEFLOQUINE,Liraglutid,antiparasitaires,6
MEFLOQUINE,Liraglutid,antiparasitaires,98
MEFLOQUINE,Liraglutid,antiparasitaires,28
MEFLOQUINE,Lisinopril,antiparasitaires,98
MEFLOQUINE,Lisinopril,antiparasitaires,28
MELOXICAM,Lisodur,muscle et squelette,56
MELOXICAM,Lisodur,muscle et squelette,12
MELOXICAM,Lisodur,muscle et squelette,98
MELOXICAM,Litarex,muscle et squelette,6
MELOXICAM,Litarex,muscle et squelette,98
MELOXICAM,Lithioderm,muscle et squelette,28
MELOXICAM,Lithioderm,muscle et squelette,12
MELOXICAM,Lithioderm,muscle et squelette,6
MELOXICAM,Lithioderm,muscle et squelette,56
METHADONE,Lithobid,systeme nerveux,98
METHADONE,Lithobid,systeme nerveux,12
METHADONE,Lithonate,systeme nerveux,12
METHADONE,Lithonate,systeme nerveux,56
METHADONE,Lithonate,systeme nerveux,98
METHADONE,Lithonate,systeme nerveux,28
METHADONE,Lithostat,systeme nerveux,28
METHYLPREDNISOLONE,Livazo,hormones systemiques,98
METHYLPREDNISOLONE,Livazo,hormones systemiques,28
METHYLPREDNISOLONE,Livazo,hormones systemiques,12
METHYLPREDNISOLONE,Livostin,hormones systemiques,12
METHYLPREDNISOLONE,Livostin,hormones systemiques,28
METHYLPREDNISOLONE,Livostin,hormones systemiques,6
METHYLPREDNISOLONE,Livostin,hormones systemiques,98
METHYLPREDNISOLONE,Lodoxamid,hormones systemiques,98
METOPROLOL,Lofibra,systeme cardiovasculaire,28
METOPROLOL,Lomir,systeme cardiovasculaire,28
METOPROLOL,Lomofren,systeme cardiovasculaire,56
METOPROLOL,Lomofren,systeme cardiovasculaire,98
METOPROLOL,Lomofren,systeme cardiovasculaire,28
METOPROLOL,Lomofren,systeme cardiovasculaire,6
MIANSERINE,Lomoperidol,systeme nerveux,28
MIANSERINE,Lomotil,systeme nerveux,56
MIANSERINE,Lomotil,systeme nerveux,12
MIANSERINE,Lomotil,systeme nerveux,6
MIANSERINE,Lomotil,systeme nerveux,98
MIANSERINE,Loperamid,systeme nerveux,56
MIANSERINE,Loperamid,systeme nerveux,98
MIANSERINE,Loperamid,systeme nerveux,12
MIANSERINE,Loperamid,systeme nerveux,6
MIDAZOLAM,Lopid,systeme nerveux,12
MIDAZOLAM,Lopid,systeme nerveux,6
MIDAZOLAM,Lopid,systeme nerveux,98
MIDAZOLAM,Lopiten,systeme nerveux,6
MIDAZOLAM,Lopiten,systeme nerveux,98
MIDAZOLAM,Lopiten,systeme nerveux,28
MIDAZOLAM,Lopiten,systeme nerveux,12
MIDAZOLAM,Lopram,systeme nerveux,6
MIDAZOLAM,Lopram,systeme nerveux,28
MIDAZOLAM,Lopram,systeme nerveux,12
MIDAZOLAM,Lopram,systeme nerveux,98
MIRTAZAPINE,Lopresor,systeme nerveux,6
MIRTAZAPINE,Lopresor,systeme nerveux,98
MIRTAZAPINE,Lopresor,systeme nerveux,28
MIRTAZAPINE,Lopril,systeme nerveux,28
MIRTAZAPINE,Lopril,systeme nerveux,56
MIRTAZAPINE,Loralerg,systeme nerveux,12
MOCLOBEMIDE,Lorano,systeme nerveux,28
MOCLOBEMIDE,Lorano,systeme nerveux,98
MOCLOBEMIDE,Lorano,systeme nerveux,56
MOCLOBEMIDE,Lorastad,systeme nerveux,12
MOCLOBEMIDE,Loratin,systeme nerveux,28
MOCLOBEMIDE,Loratin,systeme nerveux,98
MOCLOBEMIDE,Loratin,systeme nerveux,6
MOCLOBEMIDE,Loratin,systeme nerveux,12
MODAFINIL,Loratrend,systeme nerveux,6
MODAFINIL,Loratrend,systeme nerveux,12
MODAFINIL,Loratrim,systeme nerveux,28
MODAFINIL,Loratrim,systeme nerveux,98
MODAFINIL,Loratrim,systeme nerveux,56
MODAFINIL,Loratul,systeme nerveux,6
MODAFINIL,Loratul,systeme nerveux,56
MONTELUKAST,Lorazepam,systeme respiratoire,56
MONTELUKAST,Lorazepam,systeme respiratoire,12
MONTELUKAST,Lorazepam,systeme respiratoire,6
MONTELUKAST,Lorazin,systeme respiratoire,12
MONTELUKAST,Lorazin,systeme respiratoire,6
MONTELUKAST,Lorazin,systeme respiratoire,56
MONTELUKAST,Lorelco,systeme respiratoire,56
MONTELUKAST,Lorelco,systeme respiratoire,28
MONTELUKAST,Lorelco,systeme respiratoire,12
MONTELUKAST,Lorelco,systeme respiratoire,98
NAPROXENE,Lorentan,muscle et squelette,98
NAPROXENE,Lormeg,muscle et squelette,12
NAPROXENE,Lormeg,muscle et squelette,6
NAPROXENE,Lormeg,muscle et squelette,28
NAPROXENE,Lorzaar,muscle et squelette,56
NEBIVOLOL,Losacar,systeme cardiovasculaire,12
NEBIVOLOL,Losalen,systeme cardiovasculaire,56
NEBIVOLOL,Losalen,systeme cardiovasculaire,12
NEBIVOLOL,Losan,systeme cardiovasculaire,56
NEBIVOLOL,Losan,systeme cardiovasculaire,6
NEBIVOLOL,Losan,systeme cardiovasculaire,98
NEBIVOLOL,Losan,systeme cardiovasculaire,28
NELFINAVIR,Losap,antiinfectieux generaux a usage systemique,6
NELFINAVIR,Losap,antiinfectieux generaux a usage systemique,12
NELFINAVIR,Losap,antiinfectieux generaux a usage systemique,56
NELFINAVIR,Losar,antiinfectieux generaux a usage systemique,28
NELFINAVIR,Losargamma,antiinfectieux generaux a usage systemique,6
NELFINAVIR,Losargamma,antiinfectieux generaux a usage systemique,28
NELFINAVIR,Losargamma,antiinfectieux generaux a usage systemique,12
NELFINAVIR,Losargamma,antiinfectieux generaux a usage systemique,98
NEVIRAPINE,Losarstad,antiinfectieux generaux a usage systemique,28
NEVIRAPINE,Losartan,antiinfectieux generaux a usage systemique,98
NEVIRAPINE,Losartan,antiinfectieux generaux a usage systemique,28
NEVIRAPINE,Losartan,antiinfectieux generaux a usage systemique,6
NEVIRAPINE,Losartan,antiinfectieux generaux a usage systemique,12
NEVIRAPINE,Losatrix,antiinfectieux generaux a usage systemique,28
NEVIRAPINE,Losatrix,antiinfectieux generaux a usage systemique,12
NIFEDIPINE,Losavik,systeme cardiovasculaire,56
NIFEDIPINE,Lotensin,systeme cardiovasculaire,56
NIFEDIPINE,Lotensin,systeme cardiovasculaire,12
NIFEDIPINE,Lotensin,systeme cardiovasculaire,98
NIFEDIPINE,Loterix,systeme cardiovasculaire,28
NIFEDIPINE,Loterix,systeme cardiovasculaire,56
NITRENDIPINE,Lotrial,systeme cardiovasculaire,56
NITRENDIPINE,Lotrial,systeme cardiovasculaire,98
NITRENDIPINE,Lotrial,systeme cardiovasculaire,28
NITRENDIPINE,Lotrisone,systeme cardiovasculaire,12
NITRENDIPINE,Lotrisone,systeme cardiovasculaire,28
NITRENDIPINE,Lotusix,systeme cardiovasculaire,28
NITRENDIPINE,Lotusix,systeme cardiovasculaire,56
NITRENDIPINE,Lotusix,systeme cardiovasculaire,12
NITRENDIPINE,Lotusix,systeme cardiovasculaire,6
NORETHISTERONE,Lovenox,systeme genito urinaire et hormones sexuelles,98
NORETHISTERONE,Lovenox,systeme genito urinaire et hormones sexuelles,56
NORETHISTERONE,Loxalate,systeme genito urinaire et hormones sexuelles,56
NORETHISTERONE,Loxalate,systeme genito urinaire et hormones sexuelles,6
NORETHISTERONE,Loxalate,systeme genito urinaire et hormones sexuelles,28
NORETHISTERONE,Loxalate,systeme genito urinaire et hormones sexuelles,12
NORETHISTERONE,Loxaryl,systeme genito urinaire et hormones sexuelles,98
NORETHISTERONE,Loxaryl,systeme genito urinaire et hormones sexuelles,6
NORETHISTERONE,Loxaryl,systeme genito urinaire et hormones sexuelles,12
NORTRIPTYLINE,Loxicard,systeme nerveux,56
NORTRIPTYLINE,Loxicard,systeme nerveux,6
NORTRIPTYLINE,Loxicard,systeme nerveux,98
NORTRIPTYLINE,Loxicard,systeme nerveux,28
NORTRIPTYLINE,Loxidol,systeme nerveux,6
NORTRIPTYLINE,Loxidol,systeme nerveux,56
NORTRIPTYLINE,Loxidol,systeme nerveux,98
NORTRIPTYLINE,Loxidol,systeme nerveux,28
NORTRIPTYLINE,Loxifan,systeme nerveux,28
NORTRIPTYLINE,Loxifan,systeme nerveux,56
NORTRIPTYLINE,Loxifan,systeme nerveux,98
OLANZAPINE,Loxin,systeme nerveux,12
OLANZAPINE,Loxin,systeme nerveux,56
OLANZAPINE,Loxin,systeme nerveux,6
OLANZAPINE,Loxitane,systeme nerveux,28
OLANZAPINE,Loxitane,systeme nerveux,12
OLANZAPINE,Loxone,systeme nerveux,56
OLANZAPINE,Loxone,systeme nerveux,28
OMEPRAZOLE,Lubristil,voies digestives et metabolisme,12
OMEPRAZOLE,Lubristil,voies digestives et metabolisme,28
OMEPRAZOLE,Lubristil,voies digestives et metabolisme,6
OMEPRAZOLE,Lubristil,voies digestives et metabolisme,98
OMEPRAZOLE,Lucen,voies digestives et metabolisme,56
OMEPRAZOLE,Lucen,voies digestives et metabolisme,6
OMEPRAZOLE,Lucen,voies digestives et metabolisme,12
OMEPRAZOLE,Lucen,voies digestives et metabolisme,28
OMEPRAZOLE,Lucrin,voies digestives et metabolisme,6
OMEPRAZOLE,Lucrin,voies digestives et metabolisme,12
OMEPRAZOLE,Lucrin,voies digestives et metabolisme,98
ONDANSETRON,Lukast,voies digestives et metabolisme,56
ONDANSETRON,Lukast,voies digestives et metabolisme,6
ONDANSETRON,Lukast,voies digestives et metabolisme,28
ONDANSETRON,Lumefantrin,voies digestives et metabolisme,98
ONDANSETRON,Lumefantrin,voies digestives et metabolisme,12
ONDANSETRON,Lumefantrin,voies digestives et metabolisme,6
ONDANSETRON,Lumefantrin,voies digestives et metabolisme,56
ONDANSETRON,Lumigan,voies digestives et metabolisme,6
ONDANSETRON,Lumigan,voies digestives et metabolisme,12
OXYBUTYNINE,Lupin,systeme genito urinaire et hormones sexuelles,56
OXYBUTYNINE,Luramon,systeme genito urinaire et hormones sexuelles,28
OXYBUTYNINE,Lusafan,systeme genito urinaire et hormones sexuelles,28
OXYBUTYNINE,Lusafan,systeme genito urinaire et hormones sexuelles,6
OXYBUTYNINE,Lusafan,systeme genito urinaire et hormones sexuelles,56
PANTOPRAZOLE,Lusopress,voies digestives et metabolisme,56
PANTOPRAZOLE,Lusopress,voies digestives et metabolisme,28
PANTOPRAZOLE,Lusopress,voies digestives et metabolisme,12
PANTOPRAZOLE,Lusopress,voies digestives et metabolisme,98
PANTOPRAZOLE,Lusopressan,voies digestives et metabolisme,6
PANTOPRAZOLE,Lusopressan,voies digestives et metabolisme,98
PANTOPRAZOLE,Lusopressan,voies digestives et metabolisme,56
PANTOPRAZOLE,Lusopressan,voies digestives et metabolisme,12
PANTOPRAZOLE,Lutinus,voies digestives et metabolisme,28
PANTOPRAZOLE,Lutinus,voies digestives et metabolisme,12
PANTOPRAZOLE,Lutinus,voies digestives et metabolisme,98
PANTOPRAZOLE,Lutinus,voies digestives et metabolisme,56
PARACETAMOL,Luvion,systeme nerveux,12
PARACETAMOL,Luvion,systeme nerveux,28
PARACETAMOL,Luvion,systeme nerveux,98
PARACETAMOL,Luxazone,systeme nerveux,98
PARACETAMOL,Lysalgo,systeme nerveux,12
PARACETAMOL,Lysalgo,systeme nerveux,6
PARACETAMOL,Lysalgo,systeme nerveux,28
PARACETAMOL,Lysalgo,systeme nerveux,98
PAROXETINE,Lysalgo Comp,systeme nerveux,6
PAROXETINE,Lysalgo Comp,systeme nerveux,12
PAROXETINE,Lysalgo Comp,systeme nerveux,98
PAROXETINE,Lysalgo Comp,systeme nerveux,56
PAROXETINE,Lysomucil,systeme nerveux,28
PAROXETINE,Lysomucil,systeme nerveux,56
PAROXETINE,Lysozyme,systeme nerveux,56
PHENOBARBITAL,Lysucin N,systeme nerveux,28
PHENOBARBITAL,Lysucin P,systeme nerveux,28
PHENOBARBITAL,Lysucin-C,systeme nerveux,98
PHENOBARBITAL,Lysucin-C,systeme nerveux,28
PHENOBARBITAL,Lysucin-C,systeme nerveux,56
PIOGLITAZONE,Lysucin-F,voies digestives et metabolisme,98
PIOGLITAZONE,Lysucin-F,voies digestives et metabolisme,12
PIOGLITAZONE,Lysucin-M,voies digestives et metabolisme,12
PIOGLITAZONE,Lysucin-M,voies digestives et metabolisme,98
PIOGLITAZONE,Lysucin-M,voies digestives et metabolisme,28
PIOGLITAZONE,Lysucin-T,voies digestives et metabolisme,56
PIOGLITAZONE,Lysucin-T,voies digestives et metabolisme,12
PIOGLITAZONE,Lysucin-T,voies digestives et metabolisme,98
PRASUGREL,Lyxumia,sang et organes hematopoietiques,28
PRASUGREL,Lyxumia,sang et organes hematopoietiques,98
PRASUGREL,Lyxumia,sang et organes hematopoietiques,56
PRASUGREL,M-Prednisolon,sang et organes hematopoietiques,56
PRASUGREL,M-Prednisolon,sang et organes hematopoietiques,28
PRASUGREL,M-Prednisolon,sang et organes hematopoietiques,12
PRASUGREL,M-Prednisolon,sang et organes hematopoietiques,6
PRASUGREL,Maalox,sang et organes hematopoietiques,98
PREDNISOLONE,Macmiror,organes sensoriels,12
PREDNISOLONE,Macmiror,organes sensoriels,6
PREDNISOLONE,Macmiror,organes sensoriels,98
PREDNISOLONE,Macmiror,organes sensoriels,28
PREDNISOLONE,Macrofurin,organes sensoriels,6
PREDNISOLONE,Macrofurin,organes sensoriels,12
PREDNISOLONE,Macrodantin,organes sensoriels,6
PREDNISOLONE,Macrodantin,organes sensoriels,98
PREDNISOLONE,Macrodantin,organes sensoriels,12
PROGUANIL,Macrogol,antiparasitaires,56
PROGUANIL,Macrogol,antiparasitaires,12
PROGUANIL,Macrolane,antiparasitaires,6
PROGUANIL,Macrolane,antiparasitaires,12
PROGUANIL,Macrolane,antiparasitaires,98
PROGUANIL,Macromax,antiparasitaires,56
PROGUANIL,Macromax,antiparasitaires,6
PROMETHAZINE,Macrophen,systeme respiratoire,28
PROMETHAZINE,Macrophen,systeme respiratoire,56
PROMETHAZINE,Macrodex,systeme respiratoire,6
PROMETHAZINE,Macrodex,systeme respiratoire,98
PROMETHAZINE,Madapollam,systeme respiratoire,28
PROPAFENONE,Madécassol,systeme cardiovasculaire,28
PROPAFENONE,Madécassol,systeme cardiovasculaire,56
PROPAFENONE,Magne B6,systeme cardiovasculaire,28
PROPAFENONE,Magnelis B6,systeme cardiovasculaire,12
PROPOFOL,Magnevist,systeme nerveux,6
PROPOFOL,Magnevist,systeme nerveux,28
PROPOFOL,Magnosolv,systeme nerveux,56
PROPOFOL,Magnosolv,systeme nerveux,12
PROPOFOL,Magnosolv,systeme nerveux,28
PROPOFOL,Magnosolv,systeme nerveux,6
PROPOFOL,Magrilan,systeme nerveux,6
PROPOFOL,Magrilan,systeme nerveux,56
PROPRANOLOL,Majezik,systeme cardiovasculaire,12
PROPRANOLOL,Majezik,systeme cardiovasculaire,98
PROPRANOLOL,Majezik,systeme cardiovasculaire,6
PROPRANOLOL,Majezik,systeme cardiovasculaire,28
PROPRANOLOL,Malarone,systeme cardiovasculaire,98
PROPRANOLOL,Maleat,systeme cardiovasculaire,98
PROPRANOLOL,Maleat,systeme cardiovasculaire,12
QUETIAPINE,Malegra,systeme nerveux,12
QUETIAPINE,Maleinezuur,systeme nerveux,12
QUETIAPINE,Maleinezuur,systeme nerveux,98
QUETIAPINE,Malfordil,systeme nerveux,28
QUETIAPINE,Malfordil,systeme nerveux,6
QUINIDINE,Mallorol,systeme cardiovasculaire,98
QUINIDINE,Mallorol,systeme cardiovasculaire,56
QUINIDINE,Malocide,systeme cardiovasculaire,28
QUINIDINE,Maltofer,systeme cardiovasculaire,98
QUININE,Malux,systeme nerveux,28
QUININE,Maléate de dexchlorphéniramine,systeme nerveux,98
QUININE,Maléate de dexchlorphéniramine,systeme nerveux,6
QUININE,Maléate de dexchlorphéniramine,systeme nerveux,12
QUININE,Mamofen,systeme nerveux,12
QUININE,Mamofen,systeme nerveux,98
QUININE,Mamofen,systeme nerveux,56
QUININE,Mamofen,systeme nerveux,6
RABEPRAZOLE,Manerix,voies digestives et metabolisme,12
RABEPRAZOLE,Manerix,voies digestives et metabolisme,28
RABEPRAZOLE,Manidon,voies digestives et metabolisme,98
RABEPRAZOLE,Manidon,voies digestives et metabolisme,56
RABEPRAZOLE,Manidon,voies digestives et metabolisme,28
RABEPRAZOLE,Mantadan,voies digestives et metabolisme,56
RABEPRAZOLE,Mantadan,voies digestives et metabolisme,28
REBOXETINE,Maprotiline,systeme nerveux,98
REBOXETINE,Maprotiline,systeme nerveux,28
REBOXETINE,Maprotiline,systeme nerveux,6
REBOXETINE,Maprotiline,systeme nerveux,56
REBOXETINE,Marevan,systeme nerveux,12
REBOXETINE,Marevan,systeme nerveux,98
REBOXETINE,Marevan,systeme nerveux,56
REBOXETINE,Marimer,systeme nerveux,12
REBOXETINE,Marimer,systeme nerveux,6
REBOXETINE,Marimer,systeme nerveux,28
REPAGLINIDE,Markus Rohner Anti-Aging,voies digestives et metabolisme,6
REPAGLINIDE,Markus Rohner Anti-Aging,voies digestives et metabolisme,56
REPAGLINIDE,Markus Rohner Anti-Aging,voies digestives et metabolisme,28
REPAGLINIDE,Markus Rohner Anti-Aging,voies digestives et metabolisme,98
REPAGLINIDE,Marol,voies digestives et metabolisme,6
REPAGLINIDE,Marol,voies digestives et metabolisme,12
REPAGLINIDE,Marol,voies digestives et metabolisme,28
REPAGLINIDE,Marol,voies digestives et metabolisme,98
REPAGLINIDE,Maropitant,voies digestives et metabolisme,6
REPAGLINIDE,Maropitant,voies digestives et metabolisme,12
REPAGLINIDE,Maropitant,voies digestives et metabolisme,98
REPAGLINIDE,Maropitant,voies digestives et metabolisme,56
RIFABUTINE,Marpres,antiinfectieux generaux a usage systemique,98
RIFABUTINE,Martimil,antiinfectieux generaux a usage systemique,56
RIFABUTINE,Martimil,antiinfectieux generaux a usage systemique,6
RIFABUTINE,Martimil,antiinfectieux generaux a usage systemique,28
RIFABUTINE,Marzine,antiinfectieux generaux a usage systemique,56
RISPERIDONE,Masivet,systeme nerveux,56
RISPERIDONE,Masivet,systeme nerveux,12
RISPERIDONE,Masivet,systeme nerveux,6
RISPERIDONE,Masivet,systeme nerveux,98
RISPERIDONE,Matrifen,systeme nerveux,98
RISPERIDONE,Matrifen,systeme nerveux,28
RISPERIDONE,Matrifen,systeme nerveux,6
RISPERIDONE,Maxalt,systeme nerveux,6
RISPERIDONE,Maxalt,systeme nerveux,28
RISPERIDONE,Maxalt,systeme nerveux,56
RISPERIDONE,Maxalt,systeme nerveux,12
RITONAVIR,Maxepa,antiinfectieux generaux a usage systemique,56
RITONAVIR,Maxepa,antiinfectieux generaux a usage systemique,12
RITONAVIR,Maxidex,antiinfectieux generaux a usage systemique,98
RITONAVIR,Maxidex,antiinfectieux generaux a usage systemique,12
RITONAVIR,Maxidex,antiinfectieux generaux a usage systemique,56
RITONAVIR,Maxilase,antiinfectieux generaux a usage systemique,28
RIVAROXABAN,Maximune,sang et organes hematopoietiques,12
RIVAROXABAN,Maximune,sang et organes hematopoietiques,98
RIVAROXABAN,Maxitram SR,sang et organes hematopoietiques,6
RIVAROXABAN,Maxitram SR,sang et organes hematopoietiques,12
RIVAROXABAN,Maxitram SR,sang et organes hematopoietiques,56
RIVAROXABAN,Maxitram SR,sang et organes hematopoietiques,28
RIVAROXABAN,Maxitrol,sang et organes hematopoietiques,98
RIVAROXABAN,Maxitrol,sang et organes hematopoietiques,12
RIVAROXABAN,Maxitrol,sang et organes hematopoietiques,28
